product_name,category,price,quantity,total_sales,discount,order_date,customer_rating,payment_method,supplier_name,profit,customer_segment,region,city,customer_id,product_id,order_id,supplier_id
Educational Book,Books,49069.56,2,98139.12,11,2024/09/12,3.5,Debit Card,Kodansha,19627.824,Online,West,Mumbai,CUSID0001,PROD0001,ORD00001,SUPID0001
Jeans,Clothing,12755.85,4,51023.4,24,2024/12/18,3.9,UPI,Uniqlo,10204.68,Wholesale,North,Jaipur,CUSID0002,PROD0002,ORD00002,SUPID0002
Face Cream,Beauty,11092.19,4,44368.76,19,2024/05/18,4.4,Debit Card,Shiseido,8873.752,Online,South,Bengaluru,CUSID0003,PROD0003,ORD00003,SUPID0003
Smartwatch,Electronics,32657.81,1,32657.81,15,2024/11/08,3.2,Debit Card,Sony,6531.562,Online,North,Jaipur,CUSID0004,PROD0004,ORD00004,SUPID0004
Cookware Set,Home & Kitchen,26590.08,3,79770.24,12,2024/12/27,3.1,UPI,Zojirushi,15954.048,Retail,North,Delhi,CUSID0005,PROD0005,ORD00005,SUPID0005
Mixer Grinder,Home & Kitchen,10475.03,2,20950.06,25,2024/10/22,1.7,Wallet,Zojirushi,4190.012,Wholesale,North,Delhi,CUSID0006,PROD0006,ORD00006,SUPID0006
Sneakers,Clothing,38647.72,3,115943.16,11,2024/07/04,2,Wallet,Uniqlo,23188.632,Wholesale,North,Delhi,CUSID0007,PROD0007,ORD00007,SUPID0007
Table Lamp,Home & Kitchen,24818.59,3,74455.77,30,2024/12/27,2.4,Debit Card,Zojirushi,14891.154,Wholesale,South,Bengaluru,CUSID0008,PROD0008,ORD00008,SUPID0008
Jacket,Clothing,1987.39,2,3974.78,23,2025/01/18,2.6,Debit Card,Uniqlo,794.956,Online,North,Delhi,CUSID0009,PROD0009,ORD00009,SUPID0009
Tablet,Electronics,26876.51,2,53753.02,27,2024/03/14,4,Debit Card,Sony,10750.604,Online,North,Jaipur,CUSID0010,PROD0010,ORD00010,SUPID0010
Perfume,Beauty,46409.57,5,232047.85,15,2025/02/08,2.3,UPI,Shiseido,46409.57,Online,West,Mumbai,CUSID0011,PROD0011,ORD00011,SUPID0011
Lipstick,Beauty,48780.78,5,243903.9,15,2024/04/13,1.3,UPI,Shiseido,48780.78,Retail,South,Bengaluru,CUSID0012,PROD0012,ORD00012,SUPID0012
Educational Book,Books,6670.82,5,33354.1,28,2024/02/23,1.2,COD,Kodansha,6670.82,Online,South,Chennai,CUSID0013,PROD0013,ORD00013,SUPID0013
Smartphone,Electronics,10826.05,1,10826.05,25,2024/06/02,3.7,Wallet,Panasonic,2165.21,Retail,East,Kolkata,CUSID0014,PROD0014,ORD00014,SUPID0014
Comic Book,Books,6839.1,1,6839.1,8,2024/09/12,1.6,Credit Card,Kodansha,1367.82,Wholesale,South,Bengaluru,CUSID0015,PROD0015,ORD00015,SUPID0015
Mixer Grinder,Home & Kitchen,18197.89,5,90989.45,12,2024/03/30,1.6,Debit Card,Zojirushi,18197.89,Online,South,Chennai,CUSID0016,PROD0016,ORD00016,SUPID0016
Cookbook,Books,20817.46,2,41634.92,28,2024/03/30,2.3,Debit Card,Kodansha,8326.984,Retail,East,Kolkata,CUSID0017,PROD0017,ORD00017,SUPID0017
Perfume,Beauty,44061.25,4,176245,7,2024/04/22,2.5,COD,Shiseido,35249,Retail,South,Chennai,CUSID0018,PROD0018,ORD00018,SUPID0018
Cookbook,Books,4398.59,5,21992.95,26,2024/03/22,4,Wallet,Kodansha,4398.59,Online,South,Bengaluru,CUSID0019,PROD0019,ORD00019,SUPID0019
T-Shirt,Clothing,32565.77,5,162828.85,25,2025/01/06,4.4,COD,Uniqlo,32565.77,Wholesale,South,Chennai,CUSID0020,PROD0020,ORD00020,SUPID0020
Cookware Set,Home & Kitchen,47529.36,1,47529.36,6,2024/07/09,4.5,Net Banking,Zojirushi,9505.872,Wholesale,South,Chennai,CUSID0021,PROD0021,ORD00021,SUPID0021
Jeans,Clothing,37129.73,3,111389.19,28,2025/01/22,4.3,Wallet,Uniqlo,22277.838,Wholesale,East,Kolkata,CUSID0022,PROD0022,ORD00022,SUPID0022
Educational Book,Books,48258.19,4,193032.76,16,2024/06/23,1.6,UPI,Kodansha,38606.552,Retail,South,Bengaluru,CUSID0023,PROD0023,ORD00023,SUPID0023
Bedsheet,Home & Kitchen,32505.96,1,32505.96,10,2024/03/19,2.8,Wallet,Zojirushi,6501.192,Retail,South,Chennai,CUSID0024,PROD0024,ORD00024,SUPID0024
Cookware Set,Home & Kitchen,4165.64,2,8331.28,6,2024/11/24,1.1,COD,Zojirushi,1666.256,Retail,East,Kolkata,CUSID0025,PROD0025,ORD00025,SUPID0025
T-Shirt,Clothing,2053.11,4,8212.44,25,2024/07/23,3.4,COD,Uniqlo,1642.488,Retail,West,Ahemdabad,CUSID0026,PROD0026,ORD00026,SUPID0026
Jeans,Clothing,38927.62,4,155710.48,5,2024/08/24,2.5,Wallet,Uniqlo,31142.096,Wholesale,North,Delhi,CUSID0027,PROD0027,ORD00027,SUPID0027
Mixer Grinder,Home & Kitchen,28978.47,4,115913.88,16,2024/07/21,2.3,UPI,Zojirushi,23182.776,Online,West,Mumbai,CUSID0028,PROD0028,ORD00028,SUPID0028
Lipstick,Beauty,21293.42,5,106467.1,30,2024/04/16,2.2,Wallet,Shiseido,21293.42,Retail,East,Kolkata,CUSID0029,PROD0029,ORD00029,SUPID0029
Lipstick,Beauty,49097.01,4,196388.04,26,2024/08/05,3.7,Credit Card,Shiseido,39277.608,Retail,North,Delhi,CUSID0030,PROD0030,ORD00030,SUPID0030
Perfume,Beauty,47651.19,1,47651.19,16,2024/04/14,3.6,Net Banking,Shiseido,9530.238,Wholesale,East,Kolkata,CUSID0031,PROD0031,ORD00031,SUPID0031
Hair Dryer,Beauty,15046.01,5,75230.05,29,2024/10/17,1.1,COD,Shiseido,15046.01,Online,East,Kolkata,CUSID0032,PROD0032,ORD00032,SUPID0032
Laptop,Electronics,36980.1,3,110940.3,21,2024/10/01,3.2,COD,Panasonic,22188.06,Online,South,Chennai,CUSID0033,PROD0033,ORD00033,SUPID0033
Table Lamp,Home & Kitchen,38144.67,2,76289.34,14,2024/07/15,3.1,Net Banking,Zojirushi,15257.868,Wholesale,North,Delhi,CUSID0034,PROD0034,ORD00034,SUPID0034
Laptop,Electronics,49355.45,2,98710.9,20,2024/05/01,3.5,COD,Panasonic,19742.18,Wholesale,South,Bengaluru,CUSID0035,PROD0035,ORD00035,SUPID0035
Shampoo,Beauty,12945.96,3,38837.88,19,2024/06/10,1.4,Wallet,Shiseido,7767.576,Online,North,Jaipur,CUSID0036,PROD0036,ORD00036,SUPID0036
Perfume,Beauty,34927.79,4,139711.16,19,2024/06/27,1.1,Credit Card,Shiseido,27942.232,Retail,East,Kolkata,CUSID0037,PROD0037,ORD00037,SUPID0037
Table Lamp,Home & Kitchen,3677.4,3,11032.2,23,2024/07/31,3.7,UPI,Zojirushi,2206.44,Online,East,Kolkata,CUSID0038,PROD0038,ORD00038,SUPID0038
Comic Book,Books,37004.54,4,148018.16,16,2024/10/26,4,Debit Card,Kodansha,29603.632,Wholesale,West,Ahemdabad,CUSID0039,PROD0039,ORD00039,SUPID0039
Cookbook,Books,27961.78,5,139808.9,27,2024/02/23,4,Net Banking,Kodansha,27961.78,Retail,North,Jaipur,CUSID0040,PROD0040,ORD00040,SUPID0040
Comic Book,Books,2655.8,2,5311.6,24,2024/02/12,3.7,Net Banking,Kodansha,1062.32,Retail,South,Bengaluru,CUSID0041,PROD0041,ORD00041,SUPID0041
Headphones,Electronics,965.51,4,3862.04,29,2024/06/06,3.5,COD,Sony,772.408,Wholesale,West,Mumbai,CUSID0042,PROD0042,ORD00042,SUPID0042
Bedsheet,Home & Kitchen,2980.08,3,8940.24,7,2024/12/14,4.2,Net Banking,Zojirushi,1788.048,Wholesale,West,Mumbai,CUSID0043,PROD0043,ORD00043,SUPID0043
Mixer Grinder,Home & Kitchen,8598.58,1,8598.58,9,2024/10/09,1.1,Debit Card,Zojirushi,1719.716,Wholesale,West,Mumbai,CUSID0044,PROD0044,ORD00044,SUPID0044
Shampoo,Beauty,31850.15,2,63700.3,23,2024/04/14,2.8,Net Banking,Shiseido,12740.06,Online,South,Chennai,CUSID0045,PROD0045,ORD00045,SUPID0045
Smartwatch,Electronics,33443.32,5,167216.6,11,2024/02/15,2.4,UPI,Sony,33443.32,Online,West,Mumbai,CUSID0046,PROD0046,ORD00046,SUPID0046
Jacket,Clothing,29592.5,5,147962.5,25,2024/07/25,4.7,Net Banking,Uniqlo,29592.5,Retail,South,Chennai,CUSID0047,PROD0047,ORD00047,SUPID0047
Hair Dryer,Beauty,11187.38,4,44749.52,13,2024/06/22,2.3,Wallet,Shiseido,8949.904,Wholesale,West,Ahemdabad,CUSID0048,PROD0048,ORD00048,SUPID0048
Bedsheet,Home & Kitchen,23898.58,5,119492.9,11,2024/11/28,3.3,Credit Card,Zojirushi,23898.58,Retail,South,Chennai,CUSID0049,PROD0049,ORD00049,SUPID0049
Comic Book,Books,1391.49,4,5565.96,22,2024/08/11,4.5,Credit Card,Kodansha,1113.192,Retail,East,Kolkata,CUSID0050,PROD0050,ORD00050,SUPID0050
Jeans,Clothing,18607.69,5,93038.45,8,2024/09/10,2.4,COD,Uniqlo,18607.69,Retail,East,Kolkata,CUSID0051,PROD0051,ORD00051,SUPID0051
Fiction Novel,Books,46224.88,3,138674.64,29,2024/10/30,4.1,Credit Card,Kodansha,27734.928,Retail,East,Kolkata,CUSID0052,PROD0052,ORD00052,SUPID0052
Tablet,Electronics,11864.13,5,59320.65,18,2024/11/11,1.3,Debit Card,Sony,11864.13,Wholesale,East,Kolkata,CUSID0053,PROD0053,ORD00053,SUPID0053
Comic Book,Books,7757.2,5,38786,22,2024/11/22,2.2,Wallet,Kodansha,7757.2,Retail,East,Kolkata,CUSID0054,PROD0054,ORD00054,SUPID0054
Smartwatch,Electronics,29745,1,29745,30,2024/10/04,3.6,UPI,Panasonic,5949,Wholesale,West,Ahemdabad,CUSID0055,PROD0055,ORD00055,SUPID0055
Jeans,Clothing,39176.54,5,195882.7,13,2024/04/04,4.1,Net Banking,Uniqlo,39176.54,Wholesale,West,Mumbai,CUSID0056,PROD0056,ORD00056,SUPID0056
Jeans,Clothing,18075.19,5,90375.95,30,2024/09/03,1.7,Debit Card,Uniqlo,18075.19,Online,West,Mumbai,CUSID0057,PROD0057,ORD00057,SUPID0057
Self-Help Book,Books,18830.59,4,75322.36,25,2024/05/16,3.6,Net Banking,Kodansha,15064.472,Wholesale,South,Bengaluru,CUSID0058,PROD0058,ORD00058,SUPID0058
Headphones,Electronics,38476.48,4,153905.92,6,2024/08/30,2,Credit Card,Sony,30781.184,Online,South,Bengaluru,CUSID0059,PROD0059,ORD00059,SUPID0059
Laptop,Electronics,27120.36,2,54240.72,24,2024/06/13,3.8,Credit Card,Sony,10848.144,Wholesale,South,Bengaluru,CUSID0060,PROD0060,ORD00060,SUPID0060
Cookbook,Books,31627,5,158135,19,2024/07/28,3.1,Debit Card,Kodansha,31627,Wholesale,South,Chennai,CUSID0061,PROD0061,ORD00061,SUPID0061
Comic Book,Books,14505.79,3,43517.37,11,2024/07/10,3.9,UPI,Kodansha,8703.474,Wholesale,East,Kolkata,CUSID0062,PROD0062,ORD00062,SUPID0062
Smartwatch,Electronics,15229.67,3,45689.01,16,2024/07/21,2.7,Credit Card,Panasonic,9137.802,Online,East,Kolkata,CUSID0063,PROD0063,ORD00063,SUPID0063
Table Lamp,Home & Kitchen,2158.12,3,6474.36,12,2025/01/02,3.4,COD,Zojirushi,1294.872,Online,East,Kolkata,CUSID0064,PROD0064,ORD00064,SUPID0064
Lipstick,Beauty,11106.19,2,22212.38,19,2024/12/22,1.1,Wallet,Shiseido,4442.476,Retail,North,Jaipur,CUSID0065,PROD0065,ORD00065,SUPID0065
Educational Book,Books,21690.55,2,43381.1,7,2024/11/28,1.9,Credit Card,Kodansha,8676.22,Online,West,Mumbai,CUSID0066,PROD0066,ORD00066,SUPID0066
Hair Dryer,Beauty,4225.69,4,16902.76,18,2024/05/06,2.5,Credit Card,Shiseido,3380.552,Online,South,Chennai,CUSID0067,PROD0067,ORD00067,SUPID0067
Smartwatch,Electronics,23621.02,1,23621.02,21,2024/02/26,4.7,Wallet,Sony,4724.204,Online,South,Bengaluru,CUSID0068,PROD0068,ORD00068,SUPID0068
Educational Book,Books,38937.92,3,116813.76,8,2024/04/08,3.4,Credit Card,Kodansha,23362.752,Online,East,Kolkata,CUSID0069,PROD0069,ORD00069,SUPID0069
Cookware Set,Home & Kitchen,2707.97,1,2707.97,22,2024/04/28,1.2,Net Banking,Zojirushi,541.594,Retail,South,Chennai,CUSID0070,PROD0070,ORD00070,SUPID0070
Face Cream,Beauty,23715.42,4,94861.68,12,2024/03/24,2,COD,Shiseido,18972.336,Online,South,Bengaluru,CUSID0071,PROD0071,ORD00071,SUPID0071
Tablet,Electronics,9083.5,2,18167,8,2024/07/05,1.8,UPI,Sony,3633.4,Wholesale,West,Mumbai,CUSID0072,PROD0072,ORD00072,SUPID0072
Lipstick,Beauty,26379.35,4,105517.4,6,2024/09/07,3,UPI,Shiseido,21103.48,Wholesale,East,Kolkata,CUSID0073,PROD0073,ORD00073,SUPID0073
Jacket,Clothing,34023.96,3,102071.88,10,2024/02/13,4.6,Credit Card,Uniqlo,20414.376,Online,West,Mumbai,CUSID0074,PROD0074,ORD00074,SUPID0074
Sneakers,Clothing,1542.1,4,6168.4,26,2024/08/25,1,Credit Card,Uniqlo,1233.68,Online,North,Jaipur,CUSID0075,PROD0075,ORD00075,SUPID0075
Fiction Novel,Books,42981.08,3,128943.24,14,2024/03/25,3.8,COD,Kodansha,25788.648,Wholesale,North,Jaipur,CUSID0076,PROD0076,ORD00076,SUPID0076
Sofa Cover,Home & Kitchen,46338.29,5,231691.45,8,2024/03/22,3.4,COD,Zojirushi,46338.29,Wholesale,North,Delhi,CUSID0077,PROD0077,ORD00077,SUPID0077
Headphones,Electronics,34161.44,1,34161.44,26,2024/06/30,2.4,Wallet,Panasonic,6832.288,Retail,East,Kolkata,CUSID0078,PROD0078,ORD00078,SUPID0078
Lipstick,Beauty,21317.31,5,106586.55,22,2024/07/16,4,Credit Card,Shiseido,21317.31,Wholesale,South,Chennai,CUSID0079,PROD0079,ORD00079,SUPID0079
Face Cream,Beauty,46011.84,4,184047.36,30,2024/05/01,3.3,COD,Shiseido,36809.472,Wholesale,East,Kolkata,CUSID0080,PROD0080,ORD00080,SUPID0080
Perfume,Beauty,2097.99,1,2097.99,16,2025/02/09,3.2,Debit Card,Shiseido,419.598,Online,East,Kolkata,CUSID0081,PROD0081,ORD00081,SUPID0081
Smartphone,Electronics,17104.91,3,51314.73,6,2024/12/10,2.7,Credit Card,Sony,10262.946,Wholesale,South,Bengaluru,CUSID0082,PROD0082,ORD00082,SUPID0082
Sofa Cover,Home & Kitchen,29326.6,3,87979.8,14,2024/11/07,4.9,Credit Card,Zojirushi,17595.96,Retail,West,Ahemdabad,CUSID0083,PROD0083,ORD00083,SUPID0083
Headphones,Electronics,28892.73,4,115570.92,8,2024/11/11,1.3,COD,Sony,23114.184,Wholesale,North,Jaipur,CUSID0084,PROD0084,ORD00084,SUPID0084
Tablet,Electronics,35033.12,4,140132.48,18,2024/12/03,4.7,UPI,Panasonic,28026.496,Online,West,Mumbai,CUSID0085,PROD0085,ORD00085,SUPID0085
Jeans,Clothing,40069.3,3,120207.9,20,2024/10/27,2.4,Debit Card,Uniqlo,24041.58,Online,North,Delhi,CUSID0086,PROD0086,ORD00086,SUPID0086
Comic Book,Books,20613.14,4,82452.56,19,2024/05/30,3.4,UPI,Kodansha,16490.512,Wholesale,East,Kolkata,CUSID0087,PROD0087,ORD00087,SUPID0087
Cookware Set,Home & Kitchen,3432,5,17160,12,2024/04/12,3.4,Credit Card,Zojirushi,3432,Online,North,Jaipur,CUSID0088,PROD0088,ORD00088,SUPID0088
Shampoo,Beauty,25752.65,3,77257.95,18,2024/06/28,2.5,Net Banking,Shiseido,15451.59,Retail,East,Kolkata,CUSID0089,PROD0089,ORD00089,SUPID0089
Smartwatch,Electronics,30238.47,2,60476.94,27,2024/09/24,4,Net Banking,Sony,12095.388,Retail,West,Ahemdabad,CUSID0090,PROD0090,ORD00090,SUPID0090
Bedsheet,Home & Kitchen,34293.38,4,137173.52,29,2024/04/01,4.4,Net Banking,Zojirushi,27434.704,Wholesale,East,Kolkata,CUSID0091,PROD0091,ORD00091,SUPID0091
Perfume,Beauty,19498.32,2,38996.64,12,2024/11/23,3.6,Credit Card,Shiseido,7799.328,Wholesale,West,Ahemdabad,CUSID0092,PROD0092,ORD00092,SUPID0092
T-Shirt,Clothing,39355.59,1,39355.59,25,2024/10/22,2.9,Wallet,Uniqlo,7871.118,Wholesale,South,Chennai,CUSID0093,PROD0093,ORD00093,SUPID0093
Cookbook,Books,26575.86,2,53151.72,20,2024/05/23,2,Wallet,Kodansha,10630.344,Online,South,Bengaluru,CUSID0094,PROD0094,ORD00094,SUPID0094
Headphones,Electronics,12506.31,3,37518.93,17,2025/01/12,1.4,UPI,Panasonic,7503.786,Retail,South,Bengaluru,CUSID0095,PROD0095,ORD00095,SUPID0095
T-Shirt,Clothing,19180.77,3,57542.31,22,2025/01/28,3.9,Wallet,Uniqlo,11508.462,Retail,East,Kolkata,CUSID0096,PROD0096,ORD00096,SUPID0096
Bedsheet,Home & Kitchen,8877.51,5,44387.55,19,2024/05/31,2.5,UPI,Zojirushi,8877.51,Online,South,Chennai,CUSID0097,PROD0097,ORD00097,SUPID0097
Sneakers,Clothing,32348.92,2,64697.84,25,2025/02/02,3.1,Credit Card,Uniqlo,12939.568,Retail,North,Delhi,CUSID0098,PROD0098,ORD00098,SUPID0098
Smartwatch,Electronics,19375.76,2,38751.52,28,2024/12/06,2.1,Credit Card,Panasonic,7750.304,Wholesale,West,Mumbai,CUSID0099,PROD0099,ORD00099,SUPID0099
Educational Book,Books,48157.93,1,48157.93,30,2024/09/05,2.4,COD,Kodansha,9631.586,Wholesale,West,Mumbai,CUSID0100,PROD0100,ORD00100,SUPID0100
Laptop,Electronics,4360.05,4,17440.2,29,2025/01/18,3.3,Wallet,Panasonic,3488.04,Wholesale,North,Delhi,CUSID0101,PROD0101,ORD00101,SUPID0101
Jacket,Clothing,38093.14,1,38093.14,17,2024/10/22,3,Credit Card,Uniqlo,7618.628,Retail,East,Kolkata,CUSID0102,PROD0102,ORD00102,SUPID0102
Educational Book,Books,32788.2,5,163941,13,2024/07/07,4,Credit Card,Kodansha,32788.2,Wholesale,East,Kolkata,CUSID0103,PROD0103,ORD00103,SUPID0103
Comic Book,Books,42715.55,1,42715.55,19,2024/07/14,4.4,Credit Card,Kodansha,8543.11,Online,West,Mumbai,CUSID0104,PROD0104,ORD00104,SUPID0104
Perfume,Beauty,28758.42,5,143792.1,17,2024/09/22,3.7,Net Banking,Shiseido,28758.42,Online,South,Chennai,CUSID0105,PROD0105,ORD00105,SUPID0105
Educational Book,Books,22555.21,2,45110.42,5,2024/05/10,4.3,UPI,Kodansha,9022.084,Retail,East,Kolkata,CUSID0106,PROD0106,ORD00106,SUPID0106
Dress,Clothing,33613.18,1,33613.18,29,2024/08/24,3.5,Wallet,Uniqlo,6722.636,Online,East,Kolkata,CUSID0107,PROD0107,ORD00107,SUPID0107
T-Shirt,Clothing,44639,5,223195,11,2024/05/04,1.1,Credit Card,Uniqlo,44639,Online,North,Jaipur,CUSID0108,PROD0108,ORD00108,SUPID0108
Jeans,Clothing,11785.4,5,58927,13,2024/06/25,1.6,Wallet,Uniqlo,11785.4,Retail,North,Delhi,CUSID0109,PROD0109,ORD00109,SUPID0109
Self-Help Book,Books,30826.72,1,30826.72,28,2024/08/04,3.9,UPI,Kodansha,6165.344,Wholesale,South,Bengaluru,CUSID0110,PROD0110,ORD00110,SUPID0110
Jacket,Clothing,35811.1,4,143244.4,5,2024/09/11,1.9,Net Banking,Uniqlo,28648.88,Wholesale,East,Kolkata,CUSID0111,PROD0111,ORD00111,SUPID0111
Shampoo,Beauty,45387.99,3,136163.97,16,2024/12/23,4.8,COD,Shiseido,27232.794,Wholesale,East,Kolkata,CUSID0112,PROD0112,ORD00112,SUPID0112
Sofa Cover,Home & Kitchen,39263.94,5,196319.7,12,2024/08/05,3.8,Wallet,Zojirushi,39263.94,Retail,North,Delhi,CUSID0113,PROD0113,ORD00113,SUPID0113
Educational Book,Books,19787.61,1,19787.61,28,2024/10/07,3.9,Debit Card,Kodansha,3957.522,Online,East,Kolkata,CUSID0114,PROD0114,ORD00114,SUPID0114
Jacket,Clothing,26219.99,4,104879.96,15,2024/03/14,2.1,Debit Card,Uniqlo,20975.992,Wholesale,West,Ahemdabad,CUSID0115,PROD0115,ORD00115,SUPID0115
Lipstick,Beauty,14286.02,4,57144.08,23,2024/05/25,3.7,UPI,Shiseido,11428.816,Wholesale,North,Jaipur,CUSID0116,PROD0116,ORD00116,SUPID0116
T-Shirt,Clothing,13019.07,3,39057.21,21,2025/02/02,2.8,Credit Card,Uniqlo,7811.442,Retail,South,Chennai,CUSID0117,PROD0117,ORD00117,SUPID0117
Face Cream,Beauty,43488.42,3,130465.26,12,2024/07/18,3,Net Banking,Shiseido,26093.052,Wholesale,North,Delhi,CUSID0118,PROD0118,ORD00118,SUPID0118
Cookbook,Books,30903.49,4,123613.96,7,2024/09/10,1.7,Net Banking,Kodansha,24722.792,Retail,East,Kolkata,CUSID0119,PROD0119,ORD00119,SUPID0119
Table Lamp,Home & Kitchen,37405.46,4,149621.84,7,2025/01/15,1.3,Wallet,Zojirushi,29924.368,Online,South,Bengaluru,CUSID0120,PROD0120,ORD00120,SUPID0120
Tablet,Electronics,30593.67,4,122374.68,5,2024/05/18,1.5,COD,Panasonic,24474.936,Retail,North,Delhi,CUSID0121,PROD0121,ORD00121,SUPID0121
Headphones,Electronics,28688.25,3,86064.75,9,2024/05/27,2.4,UPI,Sony,17212.95,Retail,West,Ahemdabad,CUSID0122,PROD0122,ORD00122,SUPID0122
Hair Dryer,Beauty,12158.96,3,36476.88,14,2024/03/21,1.1,Net Banking,Shiseido,7295.376,Retail,West,Mumbai,CUSID0123,PROD0123,ORD00123,SUPID0123
Headphones,Electronics,24500.05,3,73500.15,11,2024/04/21,4.4,Credit Card,Sony,14700.03,Retail,North,Jaipur,CUSID0124,PROD0124,ORD00124,SUPID0124
Table Lamp,Home & Kitchen,44412.88,3,133238.64,30,2024/09/13,1.4,COD,Zojirushi,26647.728,Online,West,Ahemdabad,CUSID0125,PROD0125,ORD00125,SUPID0125
Smartphone,Electronics,26615.97,3,79847.91,13,2024/08/26,3.6,Net Banking,Sony,15969.582,Online,West,Ahemdabad,CUSID0126,PROD0126,ORD00126,SUPID0126
Jacket,Clothing,3979.4,1,3979.4,11,2024/10/02,4.6,Debit Card,Uniqlo,795.88,Wholesale,West,Mumbai,CUSID0127,PROD0127,ORD00127,SUPID0127
Perfume,Beauty,49687.49,2,99374.98,13,2024/05/02,2.5,UPI,Shiseido,19874.996,Online,South,Bengaluru,CUSID0128,PROD0128,ORD00128,SUPID0128
Laptop,Electronics,11289.42,3,33868.26,12,2024/08/10,2.3,UPI,Sony,6773.652,Online,West,Ahemdabad,CUSID0129,PROD0129,ORD00129,SUPID0129
Dress,Clothing,27309.73,3,81929.19,16,2024/06/17,4,Net Banking,Uniqlo,16385.838,Wholesale,West,Ahemdabad,CUSID0130,PROD0130,ORD00130,SUPID0130
Laptop,Electronics,30374.4,5,151872,6,2025/01/11,1.8,Net Banking,Panasonic,30374.4,Online,West,Mumbai,CUSID0131,PROD0131,ORD00131,SUPID0131
Shampoo,Beauty,15486.41,4,61945.64,5,2024/04/20,5,COD,Shiseido,12389.128,Retail,South,Bengaluru,CUSID0132,PROD0132,ORD00132,SUPID0132
Smartwatch,Electronics,33698.34,1,33698.34,20,2024/08/10,4.2,Debit Card,Sony,6739.668,Retail,North,Delhi,CUSID0133,PROD0133,ORD00133,SUPID0133
Dress,Clothing,42987.64,5,214938.2,27,2024/03/30,3.7,Wallet,Uniqlo,42987.64,Wholesale,East,Kolkata,CUSID0134,PROD0134,ORD00134,SUPID0134
Smartwatch,Electronics,1104.25,5,5521.25,27,2024/11/28,3.8,UPI,Sony,1104.25,Wholesale,West,Mumbai,CUSID0135,PROD0135,ORD00135,SUPID0135
Jacket,Clothing,14043.16,4,56172.64,28,2024/06/01,3.1,Wallet,Uniqlo,11234.528,Wholesale,North,Jaipur,CUSID0136,PROD0136,ORD00136,SUPID0136
Cookbook,Books,24032.88,1,24032.88,9,2024/10/28,3.8,Wallet,Kodansha,4806.576,Retail,West,Ahemdabad,CUSID0137,PROD0137,ORD00137,SUPID0137
Face Cream,Beauty,32283.58,3,96850.74,7,2025/01/02,4.4,COD,Shiseido,19370.148,Online,South,Bengaluru,CUSID0138,PROD0138,ORD00138,SUPID0138
Lipstick,Beauty,3848.54,1,3848.54,16,2025/02/03,4.6,Net Banking,Shiseido,769.708,Retail,North,Jaipur,CUSID0139,PROD0139,ORD00139,SUPID0139
Cookware Set,Home & Kitchen,48175.48,1,48175.48,12,2024/07/10,1.5,COD,Zojirushi,9635.096,Wholesale,South,Chennai,CUSID0140,PROD0140,ORD00140,SUPID0140
Tablet,Electronics,2273.01,2,4546.02,26,2025/01/01,4.3,UPI,Panasonic,909.204,Online,West,Ahemdabad,CUSID0141,PROD0141,ORD00141,SUPID0141
Jacket,Clothing,48346.41,3,145039.23,7,2025/01/27,1.4,Debit Card,Uniqlo,29007.846,Online,West,Mumbai,CUSID0142,PROD0142,ORD00142,SUPID0142
Table Lamp,Home & Kitchen,8383.86,2,16767.72,5,2024/09/19,3.1,Wallet,Zojirushi,3353.544,Retail,South,Chennai,CUSID0143,PROD0143,ORD00143,SUPID0143
Shampoo,Beauty,15344.02,1,15344.02,7,2024/05/16,4,UPI,Shiseido,3068.804,Wholesale,East,Kolkata,CUSID0144,PROD0144,ORD00144,SUPID0144
Smartphone,Electronics,49142.57,4,196570.28,9,2024/03/04,4.9,UPI,Sony,39314.056,Retail,South,Chennai,CUSID0145,PROD0145,ORD00145,SUPID0145
Self-Help Book,Books,45182.27,5,225911.35,19,2024/03/30,3.1,Debit Card,Kodansha,45182.27,Online,West,Ahemdabad,CUSID0146,PROD0146,ORD00146,SUPID0146
Jacket,Clothing,18309.06,2,36618.12,18,2024/05/11,1.9,Net Banking,Uniqlo,7323.624,Retail,South,Bengaluru,CUSID0147,PROD0147,ORD00147,SUPID0147
Smartwatch,Electronics,33021.1,4,132084.4,7,2024/08/21,4.4,Debit Card,Sony,26416.88,Retail,East,Kolkata,CUSID0148,PROD0148,ORD00148,SUPID0148
Jacket,Clothing,42814.17,5,214070.85,5,2024/09/27,4.2,Debit Card,Uniqlo,42814.17,Wholesale,South,Bengaluru,CUSID0149,PROD0149,ORD00149,SUPID0149
Perfume,Beauty,5293.87,2,10587.74,9,2024/12/31,2.7,Debit Card,Shiseido,2117.548,Wholesale,East,Kolkata,CUSID0150,PROD0150,ORD00150,SUPID0150
Fiction Novel,Books,16596.58,5,82982.9,30,2025/02/02,2.1,UPI,Kodansha,16596.58,Online,East,Kolkata,CUSID0151,PROD0151,ORD00151,SUPID0151
Sneakers,Clothing,48940.95,1,48940.95,27,2024/02/20,1,Net Banking,Uniqlo,9788.19,Retail,South,Chennai,CUSID0152,PROD0152,ORD00152,SUPID0152
Jeans,Clothing,10059.45,5,50297.25,18,2024/03/23,4.3,COD,Uniqlo,10059.45,Retail,South,Bengaluru,CUSID0153,PROD0153,ORD00153,SUPID0153
Perfume,Beauty,4820.8,1,4820.8,11,2024/12/10,4.3,Wallet,Shiseido,964.16,Retail,North,Delhi,CUSID0154,PROD0154,ORD00154,SUPID0154
Cookbook,Books,12087.35,4,48349.4,13,2024/11/21,2.6,UPI,Kodansha,9669.88,Online,West,Ahemdabad,CUSID0155,PROD0155,ORD00155,SUPID0155
Face Cream,Beauty,43522.08,5,217610.4,19,2024/09/11,4.8,COD,Shiseido,43522.08,Online,East,Kolkata,CUSID0156,PROD0156,ORD00156,SUPID0156
Smartwatch,Electronics,42409.26,1,42409.26,19,2024/08/25,2,Debit Card,Sony,8481.852,Wholesale,North,Jaipur,CUSID0157,PROD0157,ORD00157,SUPID0157
Fiction Novel,Books,29882.47,5,149412.35,30,2024/06/22,4.7,Wallet,Kodansha,29882.47,Wholesale,South,Chennai,CUSID0158,PROD0158,ORD00158,SUPID0158
Smartwatch,Electronics,40233.28,5,201166.4,14,2025/01/05,1.9,Wallet,Panasonic,40233.28,Wholesale,West,Ahemdabad,CUSID0159,PROD0159,ORD00159,SUPID0159
Sofa Cover,Home & Kitchen,15357.36,4,61429.44,17,2024/08/06,1.6,Debit Card,Zojirushi,12285.888,Retail,North,Delhi,CUSID0160,PROD0160,ORD00160,SUPID0160
Self-Help Book,Books,10565.57,4,42262.28,23,2024/07/04,1.5,Net Banking,Kodansha,8452.456,Retail,East,Kolkata,CUSID0161,PROD0161,ORD00161,SUPID0161
Fiction Novel,Books,42533.26,4,170133.04,11,2024/11/28,4.6,Debit Card,Kodansha,34026.608,Wholesale,North,Jaipur,CUSID0162,PROD0162,ORD00162,SUPID0162
Mixer Grinder,Home & Kitchen,18426.9,4,73707.6,21,2024/10/18,4.7,Debit Card,Zojirushi,14741.52,Retail,East,Kolkata,CUSID0163,PROD0163,ORD00163,SUPID0163
Perfume,Beauty,23369.23,1,23369.23,24,2024/11/23,1.5,Credit Card,Shiseido,4673.846,Wholesale,South,Bengaluru,CUSID0164,PROD0164,ORD00164,SUPID0164
Perfume,Beauty,2735.32,5,13676.6,8,2024/12/20,2.6,Wallet,Shiseido,2735.32,Online,West,Ahemdabad,CUSID0165,PROD0165,ORD00165,SUPID0165
Laptop,Electronics,48944.01,3,146832.03,9,2024/07/04,4.2,COD,Sony,29366.406,Wholesale,West,Mumbai,CUSID0166,PROD0166,ORD00166,SUPID0166
Hair Dryer,Beauty,32590.46,2,65180.92,27,2024/04/11,2.4,Net Banking,Shiseido,13036.184,Online,West,Mumbai,CUSID0167,PROD0167,ORD00167,SUPID0167
Hair Dryer,Beauty,35286.97,2,70573.94,11,2024/10/09,3.3,Net Banking,Shiseido,14114.788,Retail,South,Bengaluru,CUSID0168,PROD0168,ORD00168,SUPID0168
Fiction Novel,Books,42881.03,3,128643.09,17,2024/11/29,4.4,Net Banking,Kodansha,25728.618,Wholesale,East,Kolkata,CUSID0169,PROD0169,ORD00169,SUPID0169
Shampoo,Beauty,28246.25,2,56492.5,19,2024/06/03,2.3,Net Banking,Shiseido,11298.5,Retail,South,Bengaluru,CUSID0170,PROD0170,ORD00170,SUPID0170
Shampoo,Beauty,24619.84,2,49239.68,15,2024/12/06,4.1,Debit Card,Shiseido,9847.936,Online,West,Mumbai,CUSID0171,PROD0171,ORD00171,SUPID0171
Dress,Clothing,12083.96,3,36251.88,8,2024/11/23,3,Wallet,Uniqlo,7250.376,Online,South,Bengaluru,CUSID0172,PROD0172,ORD00172,SUPID0172
Self-Help Book,Books,12214.72,5,61073.6,17,2025/01/14,2.1,UPI,Kodansha,12214.72,Online,South,Bengaluru,CUSID0173,PROD0173,ORD00173,SUPID0173
Fiction Novel,Books,19386.27,1,19386.27,11,2024/07/16,4.1,COD,Kodansha,3877.254,Retail,South,Chennai,CUSID0174,PROD0174,ORD00174,SUPID0174
Educational Book,Books,34879.4,3,104638.2,23,2024/04/12,2.5,UPI,Kodansha,20927.64,Retail,East,Kolkata,CUSID0175,PROD0175,ORD00175,SUPID0175
Laptop,Electronics,32016.11,5,160080.55,26,2024/09/27,4.3,Debit Card,Sony,32016.11,Retail,North,Delhi,CUSID0176,PROD0176,ORD00176,SUPID0176
T-Shirt,Clothing,32264.17,1,32264.17,6,2024/07/22,4.1,Net Banking,Uniqlo,6452.834,Retail,North,Jaipur,CUSID0177,PROD0177,ORD00177,SUPID0177
Shampoo,Beauty,30171.74,4,120686.96,14,2024/07/29,3.8,Net Banking,Shiseido,24137.392,Online,South,Bengaluru,CUSID0178,PROD0178,ORD00178,SUPID0178
Dress,Clothing,22712.18,5,113560.9,17,2025/01/24,3.9,COD,Uniqlo,22712.18,Online,North,Jaipur,CUSID0179,PROD0179,ORD00179,SUPID0179
Comic Book,Books,27204.69,1,27204.69,29,2025/02/09,2.8,Debit Card,Kodansha,5440.938,Wholesale,North,Delhi,CUSID0180,PROD0180,ORD00180,SUPID0180
Educational Book,Books,17353.47,1,17353.47,25,2024/12/04,2.6,Credit Card,Kodansha,3470.694,Wholesale,South,Bengaluru,CUSID0181,PROD0181,ORD00181,SUPID0181
Sofa Cover,Home & Kitchen,44882.2,1,44882.2,10,2024/05/11,1.3,COD,Zojirushi,8976.44,Retail,South,Chennai,CUSID0182,PROD0182,ORD00182,SUPID0182
Sofa Cover,Home & Kitchen,47002.72,3,141008.16,16,2024/03/05,4.1,Debit Card,Zojirushi,28201.632,Online,West,Mumbai,CUSID0183,PROD0183,ORD00183,SUPID0183
Lipstick,Beauty,33659.67,4,134638.68,16,2024/07/05,3.3,Wallet,Shiseido,26927.736,Online,North,Jaipur,CUSID0184,PROD0184,ORD00184,SUPID0184
Sofa Cover,Home & Kitchen,13011.44,2,26022.88,24,2024/06/25,4.9,Wallet,Zojirushi,5204.576,Online,East,Kolkata,CUSID0185,PROD0185,ORD00185,SUPID0185
Smartphone,Electronics,21990.25,3,65970.75,15,2025/01/12,4.2,Wallet,Panasonic,13194.15,Wholesale,South,Bengaluru,CUSID0186,PROD0186,ORD00186,SUPID0186
Perfume,Beauty,1927.38,3,5782.14,30,2024/08/31,2.9,Debit Card,Shiseido,1156.428,Wholesale,West,Ahemdabad,CUSID0187,PROD0187,ORD00187,SUPID0187
Laptop,Electronics,21741.53,3,65224.59,27,2024/12/02,3.5,COD,Sony,13044.918,Online,East,Kolkata,CUSID0188,PROD0188,ORD00188,SUPID0188
Sneakers,Clothing,23638.72,1,23638.72,29,2024/09/24,1.5,Credit Card,Uniqlo,4727.744,Online,North,Jaipur,CUSID0189,PROD0189,ORD00189,SUPID0189
Hair Dryer,Beauty,39372.11,1,39372.11,11,2024/04/13,4.1,Wallet,Shiseido,7874.422,Online,West,Ahemdabad,CUSID0190,PROD0190,ORD00190,SUPID0190
Fiction Novel,Books,49088.13,4,196352.52,5,2024/03/06,2.3,Wallet,Kodansha,39270.504,Wholesale,South,Chennai,CUSID0191,PROD0191,ORD00191,SUPID0191
Cookware Set,Home & Kitchen,4524.63,3,13573.89,5,2024/12/19,2.4,UPI,Zojirushi,2714.778,Online,East,Kolkata,CUSID0192,PROD0192,ORD00192,SUPID0192
Sneakers,Clothing,1507.01,3,4521.03,29,2024/08/02,2.5,Net Banking,Uniqlo,904.206,Online,South,Chennai,CUSID0193,PROD0193,ORD00193,SUPID0193
Tablet,Electronics,39699.85,3,119099.55,29,2024/05/14,3.9,Wallet,Panasonic,23819.91,Retail,North,Delhi,CUSID0194,PROD0194,ORD00194,SUPID0194
Face Cream,Beauty,37494.13,5,187470.65,24,2024/10/01,1.8,COD,Shiseido,37494.13,Retail,East,Kolkata,CUSID0195,PROD0195,ORD00195,SUPID0195
Smartphone,Electronics,5850.81,5,29254.05,17,2024/11/28,1.3,COD,Sony,5850.81,Wholesale,North,Delhi,CUSID0196,PROD0196,ORD00196,SUPID0196
Self-Help Book,Books,16448.74,4,65794.96,13,2024/09/04,4.6,Net Banking,Kodansha,13158.992,Online,North,Jaipur,CUSID0197,PROD0197,ORD00197,SUPID0197
Smartwatch,Electronics,11103.44,1,11103.44,7,2024/05/09,1.1,Wallet,Panasonic,2220.688,Online,West,Mumbai,CUSID0198,PROD0198,ORD00198,SUPID0198
Self-Help Book,Books,34255.39,2,68510.78,11,2024/02/18,2.9,UPI,Kodansha,13702.156,Retail,South,Chennai,CUSID0199,PROD0199,ORD00199,SUPID0199
Smartwatch,Electronics,18304.18,2,36608.36,10,2024/09/30,1.6,Debit Card,Sony,7321.672,Wholesale,East,Kolkata,CUSID0200,PROD0200,ORD00200,SUPID0200
Table Lamp,Home & Kitchen,12771.91,2,25543.82,12,2024/07/11,3.2,Wallet,Zojirushi,5108.764,Retail,North,Jaipur,CUSID0201,PROD0201,ORD00201,SUPID0201
Comic Book,Books,2275.09,2,4550.18,13,2024/06/27,1.5,Debit Card,Kodansha,910.036,Retail,North,Delhi,CUSID0202,PROD0202,ORD00202,SUPID0202
Sneakers,Clothing,16468.59,4,65874.36,9,2024/10/24,4.5,Net Banking,Uniqlo,13174.872,Retail,East,Kolkata,CUSID0203,PROD0203,ORD00203,SUPID0203
Cookware Set,Home & Kitchen,4934.99,3,14804.97,5,2024/10/16,4.6,Credit Card,Zojirushi,2960.994,Retail,North,Jaipur,CUSID0204,PROD0204,ORD00204,SUPID0204
Table Lamp,Home & Kitchen,5258.29,5,26291.45,23,2024/08/23,2.5,Wallet,Zojirushi,5258.29,Online,West,Mumbai,CUSID0205,PROD0205,ORD00205,SUPID0205
Hair Dryer,Beauty,32580,5,162900,14,2024/03/27,2.7,COD,Shiseido,32580,Online,West,Ahemdabad,CUSID0206,PROD0206,ORD00206,SUPID0206
Sofa Cover,Home & Kitchen,40298.9,1,40298.9,16,2024/06/17,1.2,Debit Card,Zojirushi,8059.78,Retail,West,Mumbai,CUSID0207,PROD0207,ORD00207,SUPID0207
Tablet,Electronics,11236.19,3,33708.57,28,2024/11/02,2.6,COD,Panasonic,6741.714,Wholesale,West,Mumbai,CUSID0208,PROD0208,ORD00208,SUPID0208
Self-Help Book,Books,32537.46,5,162687.3,19,2024/10/28,3.4,UPI,Kodansha,32537.46,Wholesale,North,Delhi,CUSID0209,PROD0209,ORD00209,SUPID0209
Jeans,Clothing,6953.88,1,6953.88,26,2024/05/14,2.9,UPI,Uniqlo,1390.776,Wholesale,East,Kolkata,CUSID0210,PROD0210,ORD00210,SUPID0210
Bedsheet,Home & Kitchen,32824.05,3,98472.15,28,2024/09/02,3.6,Credit Card,Zojirushi,19694.43,Wholesale,East,Kolkata,CUSID0211,PROD0211,ORD00211,SUPID0211
Sneakers,Clothing,34459.99,3,103379.97,13,2024/10/05,1.4,Debit Card,Uniqlo,20675.994,Retail,East,Kolkata,CUSID0212,PROD0212,ORD00212,SUPID0212
Educational Book,Books,13608.58,3,40825.74,24,2024/04/05,4.6,UPI,Kodansha,8165.148,Online,East,Kolkata,CUSID0213,PROD0213,ORD00213,SUPID0213
Mixer Grinder,Home & Kitchen,32630.83,2,65261.66,21,2024/12/22,4.7,UPI,Zojirushi,13052.332,Wholesale,South,Bengaluru,CUSID0214,PROD0214,ORD00214,SUPID0214
Laptop,Electronics,24818.77,4,99275.08,21,2024/11/14,2.3,Debit Card,Panasonic,19855.016,Retail,East,Kolkata,CUSID0215,PROD0215,ORD00215,SUPID0215
Cookbook,Books,36645.35,3,109936.05,30,2024/12/26,2.5,Debit Card,Kodansha,21987.21,Wholesale,South,Bengaluru,CUSID0216,PROD0216,ORD00216,SUPID0216
Jeans,Clothing,25668.96,3,77006.88,24,2024/06/08,4.8,Debit Card,Uniqlo,15401.376,Wholesale,South,Chennai,CUSID0217,PROD0217,ORD00217,SUPID0217
Dress,Clothing,44241.68,4,176966.72,16,2024/09/18,1.4,COD,Uniqlo,35393.344,Retail,West,Mumbai,CUSID0218,PROD0218,ORD00218,SUPID0218
Headphones,Electronics,39749.19,1,39749.19,11,2024/07/19,3.5,COD,Sony,7949.838,Online,South,Chennai,CUSID0219,PROD0219,ORD00219,SUPID0219
Tablet,Electronics,37578.46,2,75156.92,6,2024/06/08,4.4,Net Banking,Sony,15031.384,Online,North,Delhi,CUSID0220,PROD0220,ORD00220,SUPID0220
Smartphone,Electronics,37203.65,4,148814.6,7,2024/05/14,3.5,Wallet,Sony,29762.92,Retail,South,Chennai,CUSID0221,PROD0221,ORD00221,SUPID0221
Self-Help Book,Books,22851.63,1,22851.63,21,2024/05/14,1,Wallet,Kodansha,4570.326,Online,West,Mumbai,CUSID0222,PROD0222,ORD00222,SUPID0222
Hair Dryer,Beauty,27627.84,4,110511.36,9,2024/03/30,1.8,UPI,Shiseido,22102.272,Retail,South,Bengaluru,CUSID0223,PROD0223,ORD00223,SUPID0223
Self-Help Book,Books,31333.95,3,94001.85,21,2024/08/21,1.7,Debit Card,Kodansha,18800.37,Retail,North,Delhi,CUSID0224,PROD0224,ORD00224,SUPID0224
Bedsheet,Home & Kitchen,30911.44,5,154557.2,28,2024/04/06,3,Debit Card,Zojirushi,30911.44,Retail,North,Jaipur,CUSID0225,PROD0225,ORD00225,SUPID0225
Laptop,Electronics,11518.23,1,11518.23,21,2025/01/30,4.4,Debit Card,Panasonic,2303.646,Online,North,Jaipur,CUSID0226,PROD0226,ORD00226,SUPID0226
Jeans,Clothing,43304.55,5,216522.75,21,2024/12/28,2.6,UPI,Uniqlo,43304.55,Retail,West,Mumbai,CUSID0227,PROD0227,ORD00227,SUPID0227
Self-Help Book,Books,3710.07,3,11130.21,6,2024/02/20,4.2,Credit Card,Kodansha,2226.042,Wholesale,West,Ahemdabad,CUSID0228,PROD0228,ORD00228,SUPID0228
Perfume,Beauty,34621.21,2,69242.42,6,2025/01/06,1.8,Wallet,Shiseido,13848.484,Online,East,Kolkata,CUSID0229,PROD0229,ORD00229,SUPID0229
Headphones,Electronics,41742.29,5,208711.45,26,2024/07/15,2.6,COD,Sony,41742.29,Online,West,Mumbai,CUSID0230,PROD0230,ORD00230,SUPID0230
Bedsheet,Home & Kitchen,46858.63,1,46858.63,27,2024/11/02,3.5,Debit Card,Zojirushi,9371.726,Online,North,Delhi,CUSID0231,PROD0231,ORD00231,SUPID0231
Smartwatch,Electronics,5413.09,1,5413.09,9,2024/05/20,3.4,UPI,Sony,1082.618,Online,North,Delhi,CUSID0232,PROD0232,ORD00232,SUPID0232
Laptop,Electronics,5880.45,1,5880.45,5,2024/09/09,2,Net Banking,Panasonic,1176.09,Wholesale,West,Ahemdabad,CUSID0233,PROD0233,ORD00233,SUPID0233
Comic Book,Books,35665.26,3,106995.78,5,2024/03/30,1.2,Wallet,Kodansha,21399.156,Online,South,Chennai,CUSID0234,PROD0234,ORD00234,SUPID0234
Headphones,Electronics,42981.89,5,214909.45,23,2025/01/02,1.8,Credit Card,Panasonic,42981.89,Online,West,Ahemdabad,CUSID0235,PROD0235,ORD00235,SUPID0235
Comic Book,Books,25629.88,3,76889.64,6,2024/09/03,2.9,Debit Card,Kodansha,15377.928,Retail,West,Ahemdabad,CUSID0236,PROD0236,ORD00236,SUPID0236
Perfume,Beauty,22475.94,4,89903.76,25,2024/02/13,3.5,Debit Card,Shiseido,17980.752,Online,North,Jaipur,CUSID0237,PROD0237,ORD00237,SUPID0237
Sofa Cover,Home & Kitchen,33250.7,5,166253.5,16,2024/10/19,4.3,Wallet,Zojirushi,33250.7,Wholesale,East,Kolkata,CUSID0238,PROD0238,ORD00238,SUPID0238
Cookbook,Books,45045.03,5,225225.15,30,2025/01/02,3.8,Net Banking,Kodansha,45045.03,Wholesale,North,Jaipur,CUSID0239,PROD0239,ORD00239,SUPID0239
Bedsheet,Home & Kitchen,3955.86,5,19779.3,10,2024/06/18,4.7,Net Banking,Zojirushi,3955.86,Wholesale,East,Kolkata,CUSID0240,PROD0240,ORD00240,SUPID0240
Perfume,Beauty,28169.11,5,140845.55,27,2024/05/04,2.7,UPI,Shiseido,28169.11,Wholesale,North,Jaipur,CUSID0241,PROD0241,ORD00241,SUPID0241
Face Cream,Beauty,42785.51,4,171142.04,8,2024/11/13,1.7,COD,Shiseido,34228.408,Online,West,Mumbai,CUSID0242,PROD0242,ORD00242,SUPID0242
Smartphone,Electronics,25614.35,2,51228.7,27,2024/08/12,3.5,Wallet,Sony,10245.74,Online,North,Delhi,CUSID0243,PROD0243,ORD00243,SUPID0243
Mixer Grinder,Home & Kitchen,7771.58,5,38857.9,15,2024/08/17,3.6,Debit Card,Zojirushi,7771.58,Wholesale,North,Jaipur,CUSID0244,PROD0244,ORD00244,SUPID0244
Cookbook,Books,31059.47,3,93178.41,28,2024/05/15,4.8,Wallet,Kodansha,18635.682,Wholesale,North,Delhi,CUSID0245,PROD0245,ORD00245,SUPID0245
Educational Book,Books,14506.11,5,72530.55,21,2024/06/16,3.5,Debit Card,Kodansha,14506.11,Online,West,Mumbai,CUSID0246,PROD0246,ORD00246,SUPID0246
Smartwatch,Electronics,16272.38,3,48817.14,10,2024/06/15,1.4,Debit Card,Sony,9763.428,Wholesale,West,Mumbai,CUSID0247,PROD0247,ORD00247,SUPID0247
T-Shirt,Clothing,29222.92,3,87668.76,28,2024/10/16,2.7,Debit Card,Uniqlo,17533.752,Retail,West,Ahemdabad,CUSID0248,PROD0248,ORD00248,SUPID0248
Educational Book,Books,1483.5,5,7417.5,9,2024/11/04,4.3,Debit Card,Kodansha,1483.5,Wholesale,West,Mumbai,CUSID0249,PROD0249,ORD00249,SUPID0249
Self-Help Book,Books,35629.55,2,71259.1,24,2025/02/01,2,Wallet,Kodansha,14251.82,Wholesale,East,Kolkata,CUSID0250,PROD0250,ORD00250,SUPID0250
Jacket,Clothing,1987.98,4,7951.92,6,2024/02/23,3.3,UPI,Uniqlo,1590.384,Retail,East,Kolkata,CUSID0251,PROD0251,ORD00251,SUPID0251
Educational Book,Books,37590.44,4,150361.76,10,2024/03/28,1.8,Wallet,Kodansha,30072.352,Retail,South,Bengaluru,CUSID0252,PROD0252,ORD00252,SUPID0252
Mixer Grinder,Home & Kitchen,31759.49,4,127037.96,26,2024/12/11,2,UPI,Zojirushi,25407.592,Online,West,Mumbai,CUSID0253,PROD0253,ORD00253,SUPID0253
Shampoo,Beauty,18787.05,4,75148.2,15,2025/01/27,1.1,Credit Card,Shiseido,15029.64,Online,East,Kolkata,CUSID0254,PROD0254,ORD00254,SUPID0254
Educational Book,Books,17066.16,1,17066.16,20,2024/09/15,2.8,Wallet,Kodansha,3413.232,Retail,North,Delhi,CUSID0255,PROD0255,ORD00255,SUPID0255
Jacket,Clothing,15068.72,4,60274.88,20,2024/03/23,1.4,Debit Card,Uniqlo,12054.976,Retail,West,Mumbai,CUSID0256,PROD0256,ORD00256,SUPID0256
Smartphone,Electronics,44334.11,3,133002.33,5,2024/02/24,2.6,Wallet,Panasonic,26600.466,Online,South,Chennai,CUSID0257,PROD0257,ORD00257,SUPID0257
Smartphone,Electronics,11183.75,1,11183.75,13,2024/11/15,4.9,Credit Card,Panasonic,2236.75,Wholesale,South,Chennai,CUSID0258,PROD0258,ORD00258,SUPID0258
Cookware Set,Home & Kitchen,2923.95,5,14619.75,10,2024/08/16,1.1,Net Banking,Zojirushi,2923.95,Retail,South,Bengaluru,CUSID0259,PROD0259,ORD00259,SUPID0259
Shampoo,Beauty,7339.66,2,14679.32,20,2024/11/29,1.1,Net Banking,Shiseido,2935.864,Online,North,Jaipur,CUSID0260,PROD0260,ORD00260,SUPID0260
Table Lamp,Home & Kitchen,41405.37,2,82810.74,7,2024/10/06,4.6,Wallet,Zojirushi,16562.148,Wholesale,East,Kolkata,CUSID0261,PROD0261,ORD00261,SUPID0261
Mixer Grinder,Home & Kitchen,36114.38,1,36114.38,24,2024/09/01,4.6,Net Banking,Zojirushi,7222.876,Retail,North,Jaipur,CUSID0262,PROD0262,ORD00262,SUPID0262
Smartphone,Electronics,19915.59,5,99577.95,8,2024/09/06,1.2,COD,Panasonic,19915.59,Wholesale,West,Mumbai,CUSID0263,PROD0263,ORD00263,SUPID0263
Smartphone,Electronics,18366.97,4,73467.88,23,2024/05/22,1.2,COD,Sony,14693.576,Online,South,Bengaluru,CUSID0264,PROD0264,ORD00264,SUPID0264
Smartphone,Electronics,8563.14,2,17126.28,30,2024/03/03,3.1,COD,Sony,3425.256,Retail,North,Delhi,CUSID0265,PROD0265,ORD00265,SUPID0265
Hair Dryer,Beauty,40461.79,1,40461.79,7,2024/05/19,4.9,Credit Card,Shiseido,8092.358,Wholesale,North,Delhi,CUSID0266,PROD0266,ORD00266,SUPID0266
Jacket,Clothing,6943.4,5,34717,23,2024/07/16,1.5,Debit Card,Uniqlo,6943.4,Retail,East,Kolkata,CUSID0267,PROD0267,ORD00267,SUPID0267
Shampoo,Beauty,14517.08,1,14517.08,24,2024/05/19,3,UPI,Shiseido,2903.416,Wholesale,East,Kolkata,CUSID0268,PROD0268,ORD00268,SUPID0268
Tablet,Electronics,4248.25,5,21241.25,11,2024/07/19,4.1,Wallet,Panasonic,4248.25,Online,South,Bengaluru,CUSID0269,PROD0269,ORD00269,SUPID0269
Mixer Grinder,Home & Kitchen,43118.73,5,215593.65,24,2024/12/12,3.1,Debit Card,Zojirushi,43118.73,Online,North,Jaipur,CUSID0270,PROD0270,ORD00270,SUPID0270
Dress,Clothing,10086.76,2,20173.52,13,2024/03/26,1.9,Wallet,Uniqlo,4034.704,Retail,North,Delhi,CUSID0271,PROD0271,ORD00271,SUPID0271
Face Cream,Beauty,35373.5,4,141494,5,2024/08/09,2.9,Credit Card,Shiseido,28298.8,Wholesale,East,Kolkata,CUSID0272,PROD0272,ORD00272,SUPID0272
Table Lamp,Home & Kitchen,43002.68,3,129008.04,12,2024/04/05,4.2,UPI,Zojirushi,25801.608,Retail,North,Jaipur,CUSID0273,PROD0273,ORD00273,SUPID0273
Laptop,Electronics,46388.81,1,46388.81,11,2024/02/21,4.4,COD,Panasonic,9277.762,Retail,North,Jaipur,CUSID0274,PROD0274,ORD00274,SUPID0274
Cookbook,Books,47384.51,3,142153.53,22,2024/05/29,1.5,Net Banking,Kodansha,28430.706,Wholesale,North,Delhi,CUSID0275,PROD0275,ORD00275,SUPID0275
Jacket,Clothing,15826.47,2,31652.94,12,2024/07/13,4.4,Net Banking,Uniqlo,6330.588,Wholesale,East,Kolkata,CUSID0276,PROD0276,ORD00276,SUPID0276
Shampoo,Beauty,33927.57,5,169637.85,5,2025/02/02,2.6,Wallet,Shiseido,33927.57,Wholesale,South,Chennai,CUSID0277,PROD0277,ORD00277,SUPID0277
Tablet,Electronics,27400.84,1,27400.84,15,2025/02/07,3.6,Net Banking,Panasonic,5480.168,Online,West,Ahemdabad,CUSID0278,PROD0278,ORD00278,SUPID0278
Tablet,Electronics,37684.28,4,150737.12,29,2024/04/02,3.2,COD,Sony,30147.424,Retail,South,Chennai,CUSID0279,PROD0279,ORD00279,SUPID0279
Sneakers,Clothing,22968.18,4,91872.72,29,2025/01/23,4.1,Net Banking,Uniqlo,18374.544,Retail,West,Mumbai,CUSID0280,PROD0280,ORD00280,SUPID0280
Sofa Cover,Home & Kitchen,43444.93,1,43444.93,22,2025/01/10,4,Wallet,Zojirushi,8688.986,Online,North,Delhi,CUSID0281,PROD0281,ORD00281,SUPID0281
Headphones,Electronics,36083.22,3,108249.66,27,2024/07/25,2.9,Credit Card,Panasonic,21649.932,Wholesale,South,Chennai,CUSID0282,PROD0282,ORD00282,SUPID0282
Cookware Set,Home & Kitchen,43043.82,5,215219.1,14,2024/11/09,4.1,Wallet,Zojirushi,43043.82,Online,West,Mumbai,CUSID0283,PROD0283,ORD00283,SUPID0283
Smartwatch,Electronics,1517.63,4,6070.52,7,2024/11/10,2,COD,Panasonic,1214.104,Online,East,Kolkata,CUSID0284,PROD0284,ORD00284,SUPID0284
Fiction Novel,Books,1626.1,5,8130.5,11,2024/11/15,2.8,Credit Card,Kodansha,1626.1,Online,East,Kolkata,CUSID0285,PROD0285,ORD00285,SUPID0285
T-Shirt,Clothing,40384.62,1,40384.62,20,2024/04/27,4.2,UPI,Uniqlo,8076.924,Retail,South,Bengaluru,CUSID0286,PROD0286,ORD00286,SUPID0286
T-Shirt,Clothing,37295.08,1,37295.08,30,2025/02/06,4,UPI,Uniqlo,7459.016,Online,South,Bengaluru,CUSID0287,PROD0287,ORD00287,SUPID0287
Sneakers,Clothing,13915.5,3,41746.5,20,2024/07/02,3.9,Net Banking,Uniqlo,8349.3,Retail,North,Delhi,CUSID0288,PROD0288,ORD00288,SUPID0288
Smartphone,Electronics,23625.05,2,47250.1,29,2024/07/07,2,Debit Card,Sony,9450.02,Retail,South,Bengaluru,CUSID0289,PROD0289,ORD00289,SUPID0289
Mixer Grinder,Home & Kitchen,464.18,3,1392.54,24,2024/08/02,4.1,Debit Card,Zojirushi,278.508,Retail,North,Jaipur,CUSID0290,PROD0290,ORD00290,SUPID0290
T-Shirt,Clothing,26667.15,2,53334.3,21,2024/11/05,1.9,Credit Card,Uniqlo,10666.86,Wholesale,North,Delhi,CUSID0291,PROD0291,ORD00291,SUPID0291
Fiction Novel,Books,29093.02,2,58186.04,6,2024/11/01,3.7,Debit Card,Kodansha,11637.208,Retail,East,Kolkata,CUSID0292,PROD0292,ORD00292,SUPID0292
Jacket,Clothing,44770.65,3,134311.95,5,2024/12/12,3.5,Wallet,Uniqlo,26862.39,Retail,East,Kolkata,CUSID0293,PROD0293,ORD00293,SUPID0293
Bedsheet,Home & Kitchen,32749.9,1,32749.9,20,2024/08/02,3.8,Net Banking,Zojirushi,6549.98,Wholesale,West,Ahemdabad,CUSID0294,PROD0294,ORD00294,SUPID0294
Educational Book,Books,4990.66,3,14971.98,16,2024/05/30,4.6,Wallet,Kodansha,2994.396,Retail,East,Kolkata,CUSID0295,PROD0295,ORD00295,SUPID0295
T-Shirt,Clothing,11044.89,3,33134.67,9,2024/11/25,1.5,Wallet,Uniqlo,6626.934,Online,East,Kolkata,CUSID0296,PROD0296,ORD00296,SUPID0296
Fiction Novel,Books,46032.16,5,230160.8,9,2024/12/08,4.4,Debit Card,Kodansha,46032.16,Online,South,Bengaluru,CUSID0297,PROD0297,ORD00297,SUPID0297
Educational Book,Books,43965.67,3,131897.01,27,2024/08/25,1.1,Debit Card,Kodansha,26379.402,Retail,East,Kolkata,CUSID0298,PROD0298,ORD00298,SUPID0298
T-Shirt,Clothing,6037.98,2,12075.96,13,2024/05/25,3.6,COD,Uniqlo,2415.192,Wholesale,West,Ahemdabad,CUSID0299,PROD0299,ORD00299,SUPID0299
Comic Book,Books,22747.82,3,68243.46,13,2024/09/20,4.5,Debit Card,Kodansha,13648.692,Online,South,Chennai,CUSID0300,PROD0300,ORD00300,SUPID0300
Headphones,Electronics,26615.92,2,53231.84,7,2024/06/21,2.3,COD,Panasonic,10646.368,Wholesale,West,Mumbai,CUSID0301,PROD0301,ORD00301,SUPID0301
Face Cream,Beauty,48234.31,2,96468.62,23,2024/07/08,1.8,Debit Card,Shiseido,19293.724,Wholesale,East,Kolkata,CUSID0302,PROD0302,ORD00302,SUPID0302
Table Lamp,Home & Kitchen,24172.56,1,24172.56,20,2024/12/20,3.1,UPI,Zojirushi,4834.512,Online,West,Mumbai,CUSID0303,PROD0303,ORD00303,SUPID0303
Fiction Novel,Books,16385.37,3,49156.11,20,2024/02/24,1.6,Wallet,Kodansha,9831.222,Wholesale,South,Chennai,CUSID0304,PROD0304,ORD00304,SUPID0304
T-Shirt,Clothing,29527.22,3,88581.66,7,2024/03/30,1.2,COD,Uniqlo,17716.332,Online,North,Delhi,CUSID0305,PROD0305,ORD00305,SUPID0305
Table Lamp,Home & Kitchen,42516.65,3,127549.95,24,2024/04/28,1.8,Net Banking,Zojirushi,25509.99,Wholesale,West,Ahemdabad,CUSID0306,PROD0306,ORD00306,SUPID0306
Comic Book,Books,27175.37,5,135876.85,28,2024/08/02,3.9,COD,Kodansha,27175.37,Online,West,Mumbai,CUSID0307,PROD0307,ORD00307,SUPID0307
Dress,Clothing,25379.68,4,101518.72,26,2024/10/06,3.5,Wallet,Uniqlo,20303.744,Retail,South,Chennai,CUSID0308,PROD0308,ORD00308,SUPID0308
Educational Book,Books,29568.18,3,88704.54,28,2025/01/12,1.3,Credit Card,Kodansha,17740.908,Online,South,Bengaluru,CUSID0309,PROD0309,ORD00309,SUPID0309
Fiction Novel,Books,23562.27,2,47124.54,5,2024/12/23,4.9,Credit Card,Kodansha,9424.908,Online,West,Mumbai,CUSID0310,PROD0310,ORD00310,SUPID0310
Dress,Clothing,19134.26,2,38268.52,28,2024/02/12,4.6,COD,Uniqlo,7653.704,Online,East,Kolkata,CUSID0311,PROD0311,ORD00311,SUPID0311
Fiction Novel,Books,10176.11,5,50880.55,24,2024/08/17,2.1,Net Banking,Kodansha,10176.11,Online,West,Mumbai,CUSID0312,PROD0312,ORD00312,SUPID0312
Laptop,Electronics,48177.16,3,144531.48,15,2024/03/05,1.7,Net Banking,Sony,28906.296,Wholesale,South,Bengaluru,CUSID0313,PROD0313,ORD00313,SUPID0313
Mixer Grinder,Home & Kitchen,6119.31,5,30596.55,21,2024/03/07,1.5,Net Banking,Zojirushi,6119.31,Retail,North,Jaipur,CUSID0314,PROD0314,ORD00314,SUPID0314
Shampoo,Beauty,6015.13,1,6015.13,12,2024/08/26,1.9,Credit Card,Shiseido,1203.026,Online,North,Jaipur,CUSID0315,PROD0315,ORD00315,SUPID0315
T-Shirt,Clothing,41198.84,4,164795.36,8,2024/04/08,3,Credit Card,Uniqlo,32959.072,Wholesale,East,Kolkata,CUSID0316,PROD0316,ORD00316,SUPID0316
Cookbook,Books,11527.7,3,34583.1,10,2024/11/30,1.8,Net Banking,Kodansha,6916.62,Retail,West,Mumbai,CUSID0317,PROD0317,ORD00317,SUPID0317
Smartwatch,Electronics,27749.19,4,110996.76,12,2025/01/22,2.5,Wallet,Panasonic,22199.352,Retail,North,Delhi,CUSID0318,PROD0318,ORD00318,SUPID0318
Smartphone,Electronics,14014.82,1,14014.82,24,2024/11/23,4.6,Credit Card,Panasonic,2802.964,Retail,West,Mumbai,CUSID0319,PROD0319,ORD00319,SUPID0319
Smartphone,Electronics,23293.14,2,46586.28,7,2024/06/08,4.1,UPI,Sony,9317.256,Retail,South,Bengaluru,CUSID0320,PROD0320,ORD00320,SUPID0320
Sneakers,Clothing,38592.49,5,192962.45,20,2024/10/13,3.2,Wallet,Uniqlo,38592.49,Online,North,Delhi,CUSID0321,PROD0321,ORD00321,SUPID0321
Smartphone,Electronics,39898.86,1,39898.86,29,2024/06/03,1.8,Wallet,Sony,7979.772,Online,East,Kolkata,CUSID0322,PROD0322,ORD00322,SUPID0322
Educational Book,Books,39842.5,2,79685,7,2024/10/10,4.4,Debit Card,Kodansha,15937,Wholesale,South,Bengaluru,CUSID0323,PROD0323,ORD00323,SUPID0323
Fiction Novel,Books,30395.25,1,30395.25,29,2024/04/07,1.1,COD,Kodansha,6079.05,Wholesale,East,Kolkata,CUSID0324,PROD0324,ORD00324,SUPID0324
Face Cream,Beauty,36560.32,5,182801.6,22,2025/01/01,2.5,Net Banking,Shiseido,36560.32,Wholesale,South,Bengaluru,CUSID0325,PROD0325,ORD00325,SUPID0325
Cookware Set,Home & Kitchen,44248.09,1,44248.09,18,2024/02/19,3.1,Net Banking,Zojirushi,8849.618,Retail,North,Delhi,CUSID0326,PROD0326,ORD00326,SUPID0326
Tablet,Electronics,18386.26,1,18386.26,22,2024/10/06,1.4,Credit Card,Sony,3677.252,Retail,East,Kolkata,CUSID0327,PROD0327,ORD00327,SUPID0327
Jacket,Clothing,33683.4,1,33683.4,6,2025/01/08,3.8,Debit Card,Uniqlo,6736.68,Online,East,Kolkata,CUSID0328,PROD0328,ORD00328,SUPID0328
Hair Dryer,Beauty,49561.57,3,148684.71,26,2024/04/03,3.5,Net Banking,Shiseido,29736.942,Retail,South,Chennai,CUSID0329,PROD0329,ORD00329,SUPID0329
Face Cream,Beauty,18551.65,2,37103.3,7,2024/03/30,2.6,Credit Card,Shiseido,7420.66,Retail,East,Kolkata,CUSID0330,PROD0330,ORD00330,SUPID0330
Headphones,Electronics,12249.35,5,61246.75,20,2025/01/29,2.9,Wallet,Sony,12249.35,Retail,South,Bengaluru,CUSID0331,PROD0331,ORD00331,SUPID0331
Jeans,Clothing,35305.39,1,35305.39,13,2024/06/10,2.2,UPI,Uniqlo,7061.078,Wholesale,South,Bengaluru,CUSID0332,PROD0332,ORD00332,SUPID0332
Smartwatch,Electronics,16790.46,5,83952.3,8,2024/08/27,4.3,Net Banking,Panasonic,16790.46,Wholesale,South,Bengaluru,CUSID0333,PROD0333,ORD00333,SUPID0333
Jacket,Clothing,26096.96,4,104387.84,5,2024/03/28,3.5,Debit Card,Uniqlo,20877.568,Online,South,Bengaluru,CUSID0334,PROD0334,ORD00334,SUPID0334
Self-Help Book,Books,34361.96,5,171809.8,8,2024/03/22,4.4,Net Banking,Kodansha,34361.96,Retail,North,Jaipur,CUSID0335,PROD0335,ORD00335,SUPID0335
Table Lamp,Home & Kitchen,46079.49,5,230397.45,5,2024/02/28,3.7,Net Banking,Zojirushi,46079.49,Retail,South,Bengaluru,CUSID0336,PROD0336,ORD00336,SUPID0336
Mixer Grinder,Home & Kitchen,47053.44,2,94106.88,18,2024/06/05,3,COD,Zojirushi,18821.376,Online,West,Ahemdabad,CUSID0337,PROD0337,ORD00337,SUPID0337
Tablet,Electronics,18905.94,3,56717.82,25,2024/08/14,4.5,UPI,Sony,11343.564,Retail,East,Kolkata,CUSID0338,PROD0338,ORD00338,SUPID0338
Hair Dryer,Beauty,30977.18,3,92931.54,20,2024/11/08,3.3,UPI,Shiseido,18586.308,Retail,West,Mumbai,CUSID0339,PROD0339,ORD00339,SUPID0339
Table Lamp,Home & Kitchen,41841.57,2,83683.14,24,2024/05/27,1.1,COD,Zojirushi,16736.628,Wholesale,North,Jaipur,CUSID0340,PROD0340,ORD00340,SUPID0340
Laptop,Electronics,4277.15,4,17108.6,28,2024/08/12,2.1,COD,Sony,3421.72,Online,West,Ahemdabad,CUSID0341,PROD0341,ORD00341,SUPID0341
Sofa Cover,Home & Kitchen,15648.85,2,31297.7,12,2025/02/03,4.4,Credit Card,Zojirushi,6259.54,Online,East,Kolkata,CUSID0342,PROD0342,ORD00342,SUPID0342
Headphones,Electronics,26992.72,3,80978.16,11,2024/02/15,1.1,Wallet,Panasonic,16195.632,Online,West,Ahemdabad,CUSID0343,PROD0343,ORD00343,SUPID0343
Headphones,Electronics,49586.31,4,198345.24,7,2024/05/03,4.3,UPI,Panasonic,39669.048,Online,North,Jaipur,CUSID0344,PROD0344,ORD00344,SUPID0344
Tablet,Electronics,37181.04,1,37181.04,21,2024/03/21,1.2,Wallet,Sony,7436.208,Wholesale,South,Chennai,CUSID0345,PROD0345,ORD00345,SUPID0345
Sneakers,Clothing,46090.65,4,184362.6,5,2025/01/25,3.3,UPI,Uniqlo,36872.52,Wholesale,West,Ahemdabad,CUSID0346,PROD0346,ORD00346,SUPID0346
Educational Book,Books,48151.09,4,192604.36,20,2024/07/23,2.9,UPI,Kodansha,38520.872,Retail,North,Jaipur,CUSID0347,PROD0347,ORD00347,SUPID0347
Smartwatch,Electronics,8197.47,2,16394.94,16,2024/09/28,3,Wallet,Panasonic,3278.988,Retail,North,Delhi,CUSID0348,PROD0348,ORD00348,SUPID0348
Cookware Set,Home & Kitchen,40679.29,2,81358.58,23,2024/07/13,1.5,Wallet,Zojirushi,16271.716,Retail,East,Kolkata,CUSID0349,PROD0349,ORD00349,SUPID0349
Perfume,Beauty,45012.71,3,135038.13,26,2024/10/15,4.9,UPI,Shiseido,27007.626,Retail,East,Kolkata,CUSID0350,PROD0350,ORD00350,SUPID0350
Perfume,Beauty,5127.02,3,15381.06,27,2025/02/07,4.5,Debit Card,Shiseido,3076.212,Wholesale,West,Mumbai,CUSID0351,PROD0351,ORD00351,SUPID0351
Laptop,Electronics,13954.48,3,41863.44,26,2025/01/12,1.5,UPI,Sony,8372.688,Online,South,Chennai,CUSID0352,PROD0352,ORD00352,SUPID0352
T-Shirt,Clothing,26166.89,4,104667.56,18,2024/09/06,3.7,Credit Card,Uniqlo,20933.512,Wholesale,North,Delhi,CUSID0353,PROD0353,ORD00353,SUPID0353
Hair Dryer,Beauty,45072.69,2,90145.38,10,2024/12/30,2.6,Wallet,Shiseido,18029.076,Retail,West,Mumbai,CUSID0354,PROD0354,ORD00354,SUPID0354
T-Shirt,Clothing,33543.19,2,67086.38,10,2024/03/09,3.7,UPI,Uniqlo,13417.276,Wholesale,North,Delhi,CUSID0355,PROD0355,ORD00355,SUPID0355
Self-Help Book,Books,34116.23,3,102348.69,17,2024/03/20,1.4,Wallet,Kodansha,20469.738,Online,North,Delhi,CUSID0356,PROD0356,ORD00356,SUPID0356
Self-Help Book,Books,15466.4,5,77332,23,2024/07/29,2.9,Wallet,Kodansha,15466.4,Online,South,Chennai,CUSID0357,PROD0357,ORD00357,SUPID0357
Laptop,Electronics,19879.4,4,79517.6,26,2024/03/15,3.2,Debit Card,Sony,15903.52,Wholesale,South,Bengaluru,CUSID0358,PROD0358,ORD00358,SUPID0358
Sofa Cover,Home & Kitchen,11914.15,2,23828.3,12,2024/06/10,2.4,Wallet,Zojirushi,4765.66,Wholesale,West,Mumbai,CUSID0359,PROD0359,ORD00359,SUPID0359
Dress,Clothing,7936.32,4,31745.28,6,2024/09/21,1.5,Credit Card,Uniqlo,6349.056,Wholesale,South,Chennai,CUSID0360,PROD0360,ORD00360,SUPID0360
Educational Book,Books,7633.85,2,15267.7,25,2024/09/01,3.8,Net Banking,Kodansha,3053.54,Retail,South,Bengaluru,CUSID0361,PROD0361,ORD00361,SUPID0361
Face Cream,Beauty,2470.82,4,9883.28,5,2024/05/26,2,UPI,Shiseido,1976.656,Wholesale,West,Ahemdabad,CUSID0362,PROD0362,ORD00362,SUPID0362
Sofa Cover,Home & Kitchen,908.47,3,2725.41,19,2024/09/27,4.6,COD,Zojirushi,545.082,Wholesale,South,Bengaluru,CUSID0363,PROD0363,ORD00363,SUPID0363
Table Lamp,Home & Kitchen,14102.56,4,56410.24,5,2024/09/20,2.9,COD,Zojirushi,11282.048,Wholesale,East,Kolkata,CUSID0364,PROD0364,ORD00364,SUPID0364
Laptop,Electronics,23287.93,4,93151.72,9,2024/08/14,2,Debit Card,Panasonic,18630.344,Online,North,Jaipur,CUSID0365,PROD0365,ORD00365,SUPID0365
Mixer Grinder,Home & Kitchen,41333.21,1,41333.21,20,2025/01/28,4,Net Banking,Zojirushi,8266.642,Online,North,Delhi,CUSID0366,PROD0366,ORD00366,SUPID0366
Educational Book,Books,35304.99,1,35304.99,23,2024/08/06,2,COD,Kodansha,7060.998,Retail,North,Delhi,CUSID0367,PROD0367,ORD00367,SUPID0367
Jeans,Clothing,22335.58,2,44671.16,8,2024/07/31,3.8,Wallet,Uniqlo,8934.232,Retail,North,Delhi,CUSID0368,PROD0368,ORD00368,SUPID0368
Cookware Set,Home & Kitchen,40486.08,5,202430.4,7,2024/11/26,3.6,Wallet,Zojirushi,40486.08,Online,West,Ahemdabad,CUSID0369,PROD0369,ORD00369,SUPID0369
Educational Book,Books,20353.4,1,20353.4,21,2024/07/07,2.9,UPI,Kodansha,4070.68,Online,North,Jaipur,CUSID0370,PROD0370,ORD00370,SUPID0370
Laptop,Electronics,2258.27,3,6774.81,21,2024/10/24,4.8,Wallet,Panasonic,1354.962,Online,North,Delhi,CUSID0371,PROD0371,ORD00371,SUPID0371
Smartphone,Electronics,704.55,5,3522.75,16,2024/05/28,4,Debit Card,Panasonic,704.55,Wholesale,North,Jaipur,CUSID0372,PROD0372,ORD00372,SUPID0372
Table Lamp,Home & Kitchen,38629,1,38629,18,2024/07/15,4,Net Banking,Zojirushi,7725.8,Wholesale,North,Jaipur,CUSID0373,PROD0373,ORD00373,SUPID0373
Fiction Novel,Books,37303.26,4,149213.04,25,2025/01/07,2.9,COD,Kodansha,29842.608,Online,East,Kolkata,CUSID0374,PROD0374,ORD00374,SUPID0374
Smartphone,Electronics,11507.22,4,46028.88,10,2024/04/17,1.4,Debit Card,Panasonic,9205.776,Wholesale,North,Delhi,CUSID0375,PROD0375,ORD00375,SUPID0375
Table Lamp,Home & Kitchen,48710.25,1,48710.25,7,2024/10/06,1.7,Credit Card,Zojirushi,9742.05,Wholesale,East,Kolkata,CUSID0376,PROD0376,ORD00376,SUPID0376
Educational Book,Books,20075.81,1,20075.81,13,2024/06/12,4.9,Debit Card,Kodansha,4015.162,Retail,West,Ahemdabad,CUSID0377,PROD0377,ORD00377,SUPID0377
Comic Book,Books,8448.77,2,16897.54,9,2024/05/12,3.8,UPI,Kodansha,3379.508,Online,South,Bengaluru,CUSID0378,PROD0378,ORD00378,SUPID0378
Sneakers,Clothing,29310.76,4,117243.04,28,2024/07/03,4.4,Wallet,Uniqlo,23448.608,Online,North,Delhi,CUSID0379,PROD0379,ORD00379,SUPID0379
Educational Book,Books,708.78,4,2835.12,21,2024/11/29,2,COD,Kodansha,567.024,Wholesale,South,Bengaluru,CUSID0380,PROD0380,ORD00380,SUPID0380
Jacket,Clothing,24062.33,4,96249.32,18,2025/01/19,1.1,Debit Card,Uniqlo,19249.864,Online,South,Chennai,CUSID0381,PROD0381,ORD00381,SUPID0381
Sneakers,Clothing,27827.66,1,27827.66,25,2024/06/18,4.5,COD,Uniqlo,5565.532,Retail,West,Mumbai,CUSID0382,PROD0382,ORD00382,SUPID0382
Smartwatch,Electronics,40862.87,2,81725.74,7,2024/05/22,1.4,Debit Card,Sony,16345.148,Retail,South,Chennai,CUSID0383,PROD0383,ORD00383,SUPID0383
Sneakers,Clothing,11399.26,2,22798.52,5,2024/02/17,1,Net Banking,Uniqlo,4559.704,Retail,East,Kolkata,CUSID0384,PROD0384,ORD00384,SUPID0384
Hair Dryer,Beauty,5463.13,1,5463.13,24,2024/06/30,3.9,Debit Card,Shiseido,1092.626,Online,South,Chennai,CUSID0385,PROD0385,ORD00385,SUPID0385
Comic Book,Books,8644.99,5,43224.95,25,2024/07/17,4.3,Debit Card,Kodansha,8644.99,Online,South,Chennai,CUSID0386,PROD0386,ORD00386,SUPID0386
Headphones,Electronics,27481.15,2,54962.3,27,2024/10/27,3.2,COD,Sony,10992.46,Online,South,Bengaluru,CUSID0387,PROD0387,ORD00387,SUPID0387
Self-Help Book,Books,47819.23,4,191276.92,5,2024/06/03,1.1,Wallet,Kodansha,38255.384,Online,North,Delhi,CUSID0388,PROD0388,ORD00388,SUPID0388
Lipstick,Beauty,7145.81,4,28583.24,7,2024/03/09,1.9,Wallet,Shiseido,5716.648,Online,North,Jaipur,CUSID0389,PROD0389,ORD00389,SUPID0389
Headphones,Electronics,29847.4,3,89542.2,22,2024/06/04,2.9,Debit Card,Panasonic,17908.44,Retail,East,Kolkata,CUSID0390,PROD0390,ORD00390,SUPID0390
Lipstick,Beauty,11186.35,2,22372.7,29,2024/10/28,1.1,COD,Shiseido,4474.54,Wholesale,East,Kolkata,CUSID0391,PROD0391,ORD00391,SUPID0391
Educational Book,Books,36535.74,3,109607.22,14,2024/07/02,1.2,UPI,Kodansha,21921.444,Retail,North,Jaipur,CUSID0392,PROD0392,ORD00392,SUPID0392
Sneakers,Clothing,12046.9,3,36140.7,26,2025/01/05,3.2,COD,Uniqlo,7228.14,Online,East,Kolkata,CUSID0393,PROD0393,ORD00393,SUPID0393
Hair Dryer,Beauty,7043.51,4,28174.04,30,2024/03/12,2.3,UPI,Shiseido,5634.808,Retail,North,Delhi,CUSID0394,PROD0394,ORD00394,SUPID0394
Sneakers,Clothing,34369.57,4,137478.28,7,2024/07/31,1.6,Net Banking,Uniqlo,27495.656,Online,West,Ahemdabad,CUSID0395,PROD0395,ORD00395,SUPID0395
Sneakers,Clothing,4827.49,3,14482.47,12,2024/03/10,4.2,Debit Card,Uniqlo,2896.494,Online,South,Bengaluru,CUSID0396,PROD0396,ORD00396,SUPID0396
Lipstick,Beauty,14851.66,2,29703.32,18,2025/01/08,1.9,Debit Card,Shiseido,5940.664,Retail,South,Bengaluru,CUSID0397,PROD0397,ORD00397,SUPID0397
Jacket,Clothing,40248.27,3,120744.81,28,2024/04/19,3.9,Wallet,Uniqlo,24148.962,Online,East,Kolkata,CUSID0398,PROD0398,ORD00398,SUPID0398
Jeans,Clothing,37135.36,2,74270.72,22,2024/12/23,3,Net Banking,Uniqlo,14854.144,Wholesale,North,Delhi,CUSID0399,PROD0399,ORD00399,SUPID0399
Shampoo,Beauty,25794.78,5,128973.9,19,2024/08/13,1,Debit Card,Shiseido,25794.78,Online,North,Delhi,CUSID0400,PROD0400,ORD00400,SUPID0400
Shampoo,Beauty,47564.29,3,142692.87,26,2024/05/23,3.5,Net Banking,Shiseido,28538.574,Wholesale,East,Kolkata,CUSID0401,PROD0401,ORD00401,SUPID0401
Mixer Grinder,Home & Kitchen,5500.92,3,16502.76,27,2024/07/27,2.3,Debit Card,Zojirushi,3300.552,Wholesale,North,Delhi,CUSID0402,PROD0402,ORD00402,SUPID0402
Comic Book,Books,904.29,2,1808.58,6,2024/05/01,3.5,Debit Card,Kodansha,361.716,Online,West,Mumbai,CUSID0403,PROD0403,ORD00403,SUPID0403
Smartwatch,Electronics,25035.46,2,50070.92,14,2024/04/15,4.5,Debit Card,Panasonic,10014.184,Retail,South,Chennai,CUSID0404,PROD0404,ORD00404,SUPID0404
Sneakers,Clothing,30156.36,5,150781.8,6,2025/01/06,4.4,UPI,Uniqlo,30156.36,Wholesale,East,Kolkata,CUSID0405,PROD0405,ORD00405,SUPID0405
Jacket,Clothing,42189.9,1,42189.9,30,2025/01/12,3.4,Credit Card,Uniqlo,8437.98,Retail,East,Kolkata,CUSID0406,PROD0406,ORD00406,SUPID0406
Jeans,Clothing,41122.81,2,82245.62,21,2024/12/10,4.8,Net Banking,Uniqlo,16449.124,Wholesale,North,Jaipur,CUSID0407,PROD0407,ORD00407,SUPID0407
T-Shirt,Clothing,21705.78,1,21705.78,12,2024/10/05,1.1,COD,Uniqlo,4341.156,Online,East,Kolkata,CUSID0408,PROD0408,ORD00408,SUPID0408
Headphones,Electronics,28391.65,3,85174.95,5,2024/12/11,2.5,Debit Card,Panasonic,17034.99,Online,West,Ahemdabad,CUSID0409,PROD0409,ORD00409,SUPID0409
Mixer Grinder,Home & Kitchen,40031.86,2,80063.72,13,2024/12/16,1.9,COD,Zojirushi,16012.744,Wholesale,North,Jaipur,CUSID0410,PROD0410,ORD00410,SUPID0410
Mixer Grinder,Home & Kitchen,41248.02,4,164992.08,15,2025/01/12,2.6,Credit Card,Zojirushi,32998.416,Online,North,Delhi,CUSID0411,PROD0411,ORD00411,SUPID0411
Shampoo,Beauty,35325.38,2,70650.76,26,2024/05/18,4.1,UPI,Shiseido,14130.152,Wholesale,North,Delhi,CUSID0412,PROD0412,ORD00412,SUPID0412
Mixer Grinder,Home & Kitchen,45866.22,1,45866.22,20,2024/12/09,3.9,COD,Zojirushi,9173.244,Online,North,Jaipur,CUSID0413,PROD0413,ORD00413,SUPID0413
Dress,Clothing,42975.36,4,171901.44,11,2024/08/18,3.3,COD,Uniqlo,34380.288,Retail,West,Ahemdabad,CUSID0414,PROD0414,ORD00414,SUPID0414
Tablet,Electronics,7532.86,5,37664.3,14,2025/02/07,1.5,UPI,Panasonic,7532.86,Online,North,Jaipur,CUSID0415,PROD0415,ORD00415,SUPID0415
Face Cream,Beauty,39931.75,4,159727,27,2024/04/19,2.4,Credit Card,Shiseido,31945.4,Retail,East,Kolkata,CUSID0416,PROD0416,ORD00416,SUPID0416
Headphones,Electronics,20760.44,4,83041.76,30,2024/03/10,2.4,COD,Sony,16608.352,Online,West,Mumbai,CUSID0417,PROD0417,ORD00417,SUPID0417
T-Shirt,Clothing,29466.3,5,147331.5,7,2024/07/23,1.3,Net Banking,Uniqlo,29466.3,Retail,South,Chennai,CUSID0418,PROD0418,ORD00418,SUPID0418
Face Cream,Beauty,756.85,3,2270.55,22,2024/11/04,4.8,UPI,Shiseido,454.11,Online,South,Chennai,CUSID0419,PROD0419,ORD00419,SUPID0419
Smartwatch,Electronics,43711.45,4,174845.8,29,2024/06/27,4.5,Wallet,Panasonic,34969.16,Retail,East,Kolkata,CUSID0420,PROD0420,ORD00420,SUPID0420
Comic Book,Books,1134.78,2,2269.56,28,2024/06/09,3.9,Debit Card,Kodansha,453.912,Wholesale,East,Kolkata,CUSID0421,PROD0421,ORD00421,SUPID0421
Sofa Cover,Home & Kitchen,6859,3,20577,17,2024/10/05,1.6,Net Banking,Zojirushi,4115.4,Wholesale,West,Mumbai,CUSID0422,PROD0422,ORD00422,SUPID0422
Self-Help Book,Books,28818.74,3,86456.22,30,2024/06/27,1.4,Debit Card,Kodansha,17291.244,Retail,South,Chennai,CUSID0423,PROD0423,ORD00423,SUPID0423
Laptop,Electronics,25233.95,4,100935.8,11,2024/10/25,4.1,COD,Panasonic,20187.16,Online,South,Bengaluru,CUSID0424,PROD0424,ORD00424,SUPID0424
Educational Book,Books,28577.34,1,28577.34,29,2024/08/20,2.7,UPI,Kodansha,5715.468,Retail,South,Chennai,CUSID0425,PROD0425,ORD00425,SUPID0425
Bedsheet,Home & Kitchen,7322.87,3,21968.61,8,2024/02/22,5,COD,Zojirushi,4393.722,Online,South,Bengaluru,CUSID0426,PROD0426,ORD00426,SUPID0426
Fiction Novel,Books,25144.48,4,100577.92,17,2024/05/05,1.3,Net Banking,Kodansha,20115.584,Wholesale,South,Bengaluru,CUSID0427,PROD0427,ORD00427,SUPID0427
Mixer Grinder,Home & Kitchen,16289.17,5,81445.85,24,2024/11/14,2.6,Net Banking,Zojirushi,16289.17,Online,North,Delhi,CUSID0428,PROD0428,ORD00428,SUPID0428
Comic Book,Books,24973.13,3,74919.39,5,2024/12/08,3.2,Debit Card,Kodansha,14983.878,Wholesale,East,Kolkata,CUSID0429,PROD0429,ORD00429,SUPID0429
Cookware Set,Home & Kitchen,5804.38,2,11608.76,12,2024/05/16,2.2,COD,Zojirushi,2321.752,Online,North,Delhi,CUSID0430,PROD0430,ORD00430,SUPID0430
Jeans,Clothing,43502.85,1,43502.85,18,2024/03/13,4.2,Net Banking,Uniqlo,8700.57,Online,South,Chennai,CUSID0431,PROD0431,ORD00431,SUPID0431
Smartphone,Electronics,46770.01,5,233850.05,20,2024/04/10,2.9,Net Banking,Panasonic,46770.01,Online,West,Ahemdabad,CUSID0432,PROD0432,ORD00432,SUPID0432
Laptop,Electronics,38160.98,2,76321.96,18,2024/03/31,4,Debit Card,Panasonic,15264.392,Retail,West,Mumbai,CUSID0433,PROD0433,ORD00433,SUPID0433
Headphones,Electronics,14797.27,2,29594.54,16,2025/01/25,3.4,UPI,Panasonic,5918.908,Retail,South,Bengaluru,CUSID0434,PROD0434,ORD00434,SUPID0434
Shampoo,Beauty,16951.57,5,84757.85,23,2024/03/28,2,Wallet,Shiseido,16951.57,Wholesale,South,Bengaluru,CUSID0435,PROD0435,ORD00435,SUPID0435
Smartphone,Electronics,20087.65,2,40175.3,27,2024/10/27,2.7,Wallet,Panasonic,8035.06,Wholesale,West,Ahemdabad,CUSID0436,PROD0436,ORD00436,SUPID0436
Face Cream,Beauty,45544.54,4,182178.16,19,2024/04/23,3,COD,Shiseido,36435.632,Retail,North,Jaipur,CUSID0437,PROD0437,ORD00437,SUPID0437
Shampoo,Beauty,4986.9,1,4986.9,6,2024/12/23,4.4,COD,Shiseido,997.38,Wholesale,North,Delhi,CUSID0438,PROD0438,ORD00438,SUPID0438
Bedsheet,Home & Kitchen,37890.56,1,37890.56,6,2024/06/30,2.4,COD,Zojirushi,7578.112,Retail,South,Bengaluru,CUSID0439,PROD0439,ORD00439,SUPID0439
Tablet,Electronics,26947.54,2,53895.08,27,2024/06/05,4.1,Net Banking,Sony,10779.016,Online,North,Delhi,CUSID0440,PROD0440,ORD00440,SUPID0440
Headphones,Electronics,16929.74,3,50789.22,26,2024/03/17,1.5,Wallet,Panasonic,10157.844,Wholesale,West,Mumbai,CUSID0441,PROD0441,ORD00441,SUPID0441
Smartphone,Electronics,30310.92,3,90932.76,23,2024/04/20,3.5,UPI,Sony,18186.552,Wholesale,North,Delhi,CUSID0442,PROD0442,ORD00442,SUPID0442
Educational Book,Books,33643.5,5,168217.5,29,2024/06/16,4.2,UPI,Kodansha,33643.5,Retail,South,Bengaluru,CUSID0443,PROD0443,ORD00443,SUPID0443
Cookbook,Books,27847.81,3,83543.43,30,2024/09/16,4.3,Net Banking,Kodansha,16708.686,Wholesale,West,Mumbai,CUSID0444,PROD0444,ORD00444,SUPID0444
Educational Book,Books,19055.03,3,57165.09,26,2024/08/25,4.3,Credit Card,Kodansha,11433.018,Wholesale,North,Delhi,CUSID0445,PROD0445,ORD00445,SUPID0445
Self-Help Book,Books,24012.7,1,24012.7,30,2024/11/26,4.8,Credit Card,Kodansha,4802.54,Online,East,Kolkata,CUSID0446,PROD0446,ORD00446,SUPID0446
Sneakers,Clothing,8182.19,2,16364.38,30,2024/08/04,4.2,COD,Uniqlo,3272.876,Wholesale,West,Mumbai,CUSID0447,PROD0447,ORD00447,SUPID0447
Hair Dryer,Beauty,35810.63,4,143242.52,26,2024/04/06,1.2,UPI,Shiseido,28648.504,Online,West,Ahemdabad,CUSID0448,PROD0448,ORD00448,SUPID0448
T-Shirt,Clothing,23433.86,1,23433.86,21,2024/08/17,3.8,COD,Uniqlo,4686.772,Retail,East,Kolkata,CUSID0449,PROD0449,ORD00449,SUPID0449
Tablet,Electronics,42946.11,4,171784.44,24,2024/08/31,3.2,UPI,Sony,34356.888,Wholesale,East,Kolkata,CUSID0450,PROD0450,ORD00450,SUPID0450
Sneakers,Clothing,3995.44,4,15981.76,14,2024/05/26,4,Debit Card,Uniqlo,3196.352,Online,West,Ahemdabad,CUSID0451,PROD0451,ORD00451,SUPID0451
Face Cream,Beauty,38728.75,1,38728.75,10,2024/10/05,4,Wallet,Shiseido,7745.75,Retail,East,Kolkata,CUSID0452,PROD0452,ORD00452,SUPID0452
Jacket,Clothing,46205.47,3,138616.41,19,2024/09/07,2.7,Credit Card,Uniqlo,27723.282,Wholesale,South,Bengaluru,CUSID0453,PROD0453,ORD00453,SUPID0453
Jeans,Clothing,7631.48,3,22894.44,26,2024/07/18,3,Debit Card,Uniqlo,4578.888,Retail,South,Chennai,CUSID0454,PROD0454,ORD00454,SUPID0454
Comic Book,Books,4581.73,4,18326.92,15,2024/05/24,3.4,Credit Card,Kodansha,3665.384,Wholesale,South,Bengaluru,CUSID0455,PROD0455,ORD00455,SUPID0455
Tablet,Electronics,9761.64,3,29284.92,9,2024/08/27,2.5,Wallet,Panasonic,5856.984,Retail,West,Mumbai,CUSID0456,PROD0456,ORD00456,SUPID0456
Hair Dryer,Beauty,1582.84,3,4748.52,5,2024/09/10,2.9,Debit Card,Shiseido,949.704,Retail,East,Kolkata,CUSID0457,PROD0457,ORD00457,SUPID0457
Laptop,Electronics,8902.26,5,44511.3,12,2025/01/08,2.4,Debit Card,Panasonic,8902.26,Online,East,Kolkata,CUSID0458,PROD0458,ORD00458,SUPID0458
Sofa Cover,Home & Kitchen,1549.63,1,1549.63,25,2024/11/27,3,COD,Zojirushi,309.926,Retail,North,Jaipur,CUSID0459,PROD0459,ORD00459,SUPID0459
Educational Book,Books,23520.5,5,117602.5,16,2024/04/26,1.2,Debit Card,Kodansha,23520.5,Wholesale,North,Delhi,CUSID0460,PROD0460,ORD00460,SUPID0460
Face Cream,Beauty,18729.61,1,18729.61,16,2024/04/03,1,COD,Shiseido,3745.922,Wholesale,East,Kolkata,CUSID0461,PROD0461,ORD00461,SUPID0461
Self-Help Book,Books,18085.73,3,54257.19,9,2024/07/12,4.1,Net Banking,Kodansha,10851.438,Online,East,Kolkata,CUSID0462,PROD0462,ORD00462,SUPID0462
Lipstick,Beauty,29844.59,3,89533.77,11,2024/06/28,3.9,Credit Card,Shiseido,17906.754,Wholesale,East,Kolkata,CUSID0463,PROD0463,ORD00463,SUPID0463
Tablet,Electronics,12964.52,2,25929.04,8,2024/11/23,2.7,Wallet,Panasonic,5185.808,Wholesale,West,Ahemdabad,CUSID0464,PROD0464,ORD00464,SUPID0464
Tablet,Electronics,43431.64,5,217158.2,10,2024/06/20,4.4,Credit Card,Panasonic,43431.64,Wholesale,East,Kolkata,CUSID0465,PROD0465,ORD00465,SUPID0465
Smartwatch,Electronics,31005.06,4,124020.24,17,2024/07/22,4,Net Banking,Panasonic,24804.048,Retail,North,Jaipur,CUSID0466,PROD0466,ORD00466,SUPID0466
Face Cream,Beauty,16010.24,3,48030.72,24,2024/11/21,1.6,Net Banking,Shiseido,9606.144,Retail,West,Ahemdabad,CUSID0467,PROD0467,ORD00467,SUPID0467
Headphones,Electronics,18451.91,5,92259.55,19,2024/09/12,4.9,UPI,Panasonic,18451.91,Wholesale,East,Kolkata,CUSID0468,PROD0468,ORD00468,SUPID0468
Smartwatch,Electronics,31793.09,4,127172.36,7,2024/02/19,4.8,COD,Sony,25434.472,Online,North,Jaipur,CUSID0469,PROD0469,ORD00469,SUPID0469
T-Shirt,Clothing,36666.62,4,146666.48,27,2024/09/28,2.1,Net Banking,Uniqlo,29333.296,Retail,West,Ahemdabad,CUSID0470,PROD0470,ORD00470,SUPID0470
Smartphone,Electronics,38681.26,1,38681.26,12,2024/07/17,2,COD,Sony,7736.252,Online,East,Kolkata,CUSID0471,PROD0471,ORD00471,SUPID0471
Cookware Set,Home & Kitchen,29493.06,3,88479.18,24,2024/07/24,4.2,Credit Card,Zojirushi,17695.836,Wholesale,East,Kolkata,CUSID0472,PROD0472,ORD00472,SUPID0472
Bedsheet,Home & Kitchen,30009.2,2,60018.4,20,2024/06/13,3,Debit Card,Zojirushi,12003.68,Wholesale,East,Kolkata,CUSID0473,PROD0473,ORD00473,SUPID0473
T-Shirt,Clothing,23089.32,2,46178.64,17,2024/09/29,3.1,Net Banking,Uniqlo,9235.728,Retail,West,Ahemdabad,CUSID0474,PROD0474,ORD00474,SUPID0474
Sofa Cover,Home & Kitchen,32460.13,4,129840.52,22,2024/04/28,3.7,Credit Card,Zojirushi,25968.104,Wholesale,North,Jaipur,CUSID0475,PROD0475,ORD00475,SUPID0475
Smartwatch,Electronics,29509.14,3,88527.42,14,2024/12/15,4.1,Net Banking,Panasonic,17705.484,Retail,North,Jaipur,CUSID0476,PROD0476,ORD00476,SUPID0476
Educational Book,Books,5528.69,3,16586.07,23,2024/09/11,4.2,Debit Card,Kodansha,3317.214,Wholesale,South,Bengaluru,CUSID0477,PROD0477,ORD00477,SUPID0477
Fiction Novel,Books,11864.67,5,59323.35,21,2024/09/13,2.8,Net Banking,Kodansha,11864.67,Wholesale,East,Kolkata,CUSID0478,PROD0478,ORD00478,SUPID0478
Sofa Cover,Home & Kitchen,14273.74,2,28547.48,28,2024/12/19,3.8,Net Banking,Zojirushi,5709.496,Retail,South,Bengaluru,CUSID0479,PROD0479,ORD00479,SUPID0479
Educational Book,Books,26806.06,3,80418.18,23,2024/07/19,4.3,Wallet,Kodansha,16083.636,Retail,South,Chennai,CUSID0480,PROD0480,ORD00480,SUPID0480
Jacket,Clothing,18757.07,4,75028.28,30,2024/11/16,4.2,UPI,Uniqlo,15005.656,Retail,North,Delhi,CUSID0481,PROD0481,ORD00481,SUPID0481
Self-Help Book,Books,19661.09,4,78644.36,27,2024/06/01,2.5,Net Banking,Kodansha,15728.872,Wholesale,West,Mumbai,CUSID0482,PROD0482,ORD00482,SUPID0482
Self-Help Book,Books,27434.25,1,27434.25,30,2024/03/02,3.8,COD,Kodansha,5486.85,Wholesale,West,Mumbai,CUSID0483,PROD0483,ORD00483,SUPID0483
Educational Book,Books,6322.42,4,25289.68,9,2024/08/30,4,UPI,Kodansha,5057.936,Online,North,Delhi,CUSID0484,PROD0484,ORD00484,SUPID0484
Comic Book,Books,4316.82,2,8633.64,30,2024/05/02,3.6,Credit Card,Kodansha,1726.728,Retail,West,Ahemdabad,CUSID0485,PROD0485,ORD00485,SUPID0485
Dress,Clothing,45426.39,4,181705.56,25,2024/10/31,2.8,Net Banking,Uniqlo,36341.112,Wholesale,South,Bengaluru,CUSID0486,PROD0486,ORD00486,SUPID0486
Laptop,Electronics,14971.45,3,44914.35,27,2024/06/02,4.5,UPI,Sony,8982.87,Wholesale,East,Kolkata,CUSID0487,PROD0487,ORD00487,SUPID0487
Bedsheet,Home & Kitchen,12245.12,2,24490.24,13,2024/08/27,4.5,COD,Zojirushi,4898.048,Retail,North,Jaipur,CUSID0488,PROD0488,ORD00488,SUPID0488
Cookbook,Books,48405.89,4,193623.56,16,2024/03/31,4.9,Wallet,Kodansha,38724.712,Online,East,Kolkata,CUSID0489,PROD0489,ORD00489,SUPID0489
Hair Dryer,Beauty,12757.67,5,63788.35,25,2024/11/19,3.3,UPI,Shiseido,12757.67,Retail,West,Mumbai,CUSID0490,PROD0490,ORD00490,SUPID0490
Dress,Clothing,33071.09,2,66142.18,5,2024/10/05,3.5,COD,Uniqlo,13228.436,Online,East,Kolkata,CUSID0491,PROD0491,ORD00491,SUPID0491
Hair Dryer,Beauty,4869.56,1,4869.56,30,2024/04/04,1.9,UPI,Shiseido,973.912,Wholesale,West,Ahemdabad,CUSID0492,PROD0492,ORD00492,SUPID0492
T-Shirt,Clothing,45127.31,4,180509.24,30,2025/01/15,4.2,COD,Uniqlo,36101.848,Online,West,Ahemdabad,CUSID0493,PROD0493,ORD00493,SUPID0493
Bedsheet,Home & Kitchen,8867.72,1,8867.72,5,2024/10/01,4.3,Net Banking,Zojirushi,1773.544,Wholesale,South,Bengaluru,CUSID0494,PROD0494,ORD00494,SUPID0494
Cookware Set,Home & Kitchen,31749.94,1,31749.94,19,2024/05/25,3.1,COD,Zojirushi,6349.988,Retail,West,Ahemdabad,CUSID0495,PROD0495,ORD00495,SUPID0495
Shampoo,Beauty,40944.77,2,81889.54,6,2024/11/03,2.9,Credit Card,Shiseido,16377.908,Retail,South,Chennai,CUSID0496,PROD0496,ORD00496,SUPID0496
Table Lamp,Home & Kitchen,20859.61,4,83438.44,26,2024/04/24,4.9,Wallet,Zojirushi,16687.688,Retail,South,Chennai,CUSID0497,PROD0497,ORD00497,SUPID0497
Educational Book,Books,6884.74,5,34423.7,20,2024/08/12,1.4,Net Banking,Kodansha,6884.74,Online,South,Bengaluru,CUSID0498,PROD0498,ORD00498,SUPID0498
Jeans,Clothing,40238.5,3,120715.5,29,2024/07/21,3.9,Wallet,Uniqlo,24143.1,Wholesale,North,Delhi,CUSID0499,PROD0499,ORD00499,SUPID0499
Smartphone,Electronics,10422.28,5,52111.4,12,2024/06/26,3.5,Net Banking,Panasonic,10422.28,Retail,North,Jaipur,CUSID0500,PROD0500,ORD00500,SUPID0500
Self-Help Book,Books,13862.56,1,13862.56,17,2024/12/31,1.6,Wallet,Kodansha,2772.512,Retail,West,Mumbai,CUSID0501,PROD0501,ORD00501,SUPID0501
Face Cream,Beauty,35911.22,4,143644.88,25,2024/09/12,4.1,Credit Card,Shiseido,28728.976,Wholesale,South,Bengaluru,CUSID0502,PROD0502,ORD00502,SUPID0502
Jacket,Clothing,16523.69,3,49571.07,5,2024/08/17,2.8,Credit Card,Uniqlo,9914.214,Retail,North,Jaipur,CUSID0503,PROD0503,ORD00503,SUPID0503
Lipstick,Beauty,6566.03,5,32830.15,20,2024/04/20,2.6,COD,Shiseido,6566.03,Wholesale,South,Bengaluru,CUSID0504,PROD0504,ORD00504,SUPID0504
Bedsheet,Home & Kitchen,18799.05,3,56397.15,11,2025/02/01,4.3,UPI,Zojirushi,11279.43,Wholesale,East,Kolkata,CUSID0505,PROD0505,ORD00505,SUPID0505
Headphones,Electronics,8436.71,5,42183.55,9,2024/04/13,4.9,Wallet,Sony,8436.71,Wholesale,East,Kolkata,CUSID0506,PROD0506,ORD00506,SUPID0506
Cookware Set,Home & Kitchen,19380.5,4,77522,26,2024/06/23,3.3,UPI,Zojirushi,15504.4,Wholesale,East,Kolkata,CUSID0507,PROD0507,ORD00507,SUPID0507
Lipstick,Beauty,20228.05,3,60684.15,27,2025/02/01,1.2,UPI,Shiseido,12136.83,Wholesale,West,Ahemdabad,CUSID0508,PROD0508,ORD00508,SUPID0508
Laptop,Electronics,28606.86,5,143034.3,7,2024/08/16,4.8,UPI,Panasonic,28606.86,Online,South,Chennai,CUSID0509,PROD0509,ORD00509,SUPID0509
Fiction Novel,Books,16803.76,4,67215.04,16,2024/05/26,4,Wallet,Kodansha,13443.008,Retail,East,Kolkata,CUSID0510,PROD0510,ORD00510,SUPID0510
Face Cream,Beauty,18093.34,5,90466.7,30,2025/01/21,4.2,Credit Card,Shiseido,18093.34,Online,North,Delhi,CUSID0511,PROD0511,ORD00511,SUPID0511
Tablet,Electronics,31737.13,5,158685.65,20,2024/04/12,4,Net Banking,Sony,31737.13,Retail,East,Kolkata,CUSID0512,PROD0512,ORD00512,SUPID0512
Lipstick,Beauty,49861.17,3,149583.51,23,2024/09/24,2.5,UPI,Shiseido,29916.702,Online,East,Kolkata,CUSID0513,PROD0513,ORD00513,SUPID0513
Educational Book,Books,21233.35,1,21233.35,9,2024/09/02,1.7,COD,Kodansha,4246.67,Wholesale,East,Kolkata,CUSID0514,PROD0514,ORD00514,SUPID0514
Sofa Cover,Home & Kitchen,776.91,5,3884.55,26,2024/07/16,4.2,COD,Zojirushi,776.91,Retail,West,Ahemdabad,CUSID0515,PROD0515,ORD00515,SUPID0515
Lipstick,Beauty,25542.71,1,25542.71,29,2024/12/14,2.2,UPI,Shiseido,5108.542,Retail,North,Jaipur,CUSID0516,PROD0516,ORD00516,SUPID0516
Sneakers,Clothing,10818.28,5,54091.4,18,2024/07/22,1.6,UPI,Uniqlo,10818.28,Online,South,Bengaluru,CUSID0517,PROD0517,ORD00517,SUPID0517
Tablet,Electronics,45801.19,5,229005.95,9,2024/10/24,2.4,Credit Card,Panasonic,45801.19,Online,North,Delhi,CUSID0518,PROD0518,ORD00518,SUPID0518
Face Cream,Beauty,6963.56,2,13927.12,19,2024/12/06,3.3,Debit Card,Shiseido,2785.424,Retail,South,Bengaluru,CUSID0519,PROD0519,ORD00519,SUPID0519
Smartphone,Electronics,37082.11,1,37082.11,21,2024/06/12,4.4,UPI,Sony,7416.422,Online,West,Ahemdabad,CUSID0520,PROD0520,ORD00520,SUPID0520
Cookbook,Books,6842.69,1,6842.69,18,2024/06/04,3.6,UPI,Kodansha,1368.538,Online,West,Mumbai,CUSID0521,PROD0521,ORD00521,SUPID0521
Perfume,Beauty,7283.96,1,7283.96,24,2024/04/08,2,COD,Shiseido,1456.792,Online,West,Mumbai,CUSID0522,PROD0522,ORD00522,SUPID0522
Cookware Set,Home & Kitchen,218.58,5,1092.9,9,2024/04/20,4.8,Wallet,Zojirushi,218.58,Wholesale,West,Mumbai,CUSID0523,PROD0523,ORD00523,SUPID0523
Laptop,Electronics,38689.7,3,116069.1,16,2024/09/28,1.9,Debit Card,Panasonic,23213.82,Wholesale,South,Bengaluru,CUSID0524,PROD0524,ORD00524,SUPID0524
Table Lamp,Home & Kitchen,8863.97,2,17727.94,20,2024/09/26,4.5,UPI,Zojirushi,3545.588,Online,East,Kolkata,CUSID0525,PROD0525,ORD00525,SUPID0525
Sneakers,Clothing,12472.17,5,62360.85,30,2024/04/23,1.9,UPI,Uniqlo,12472.17,Online,South,Chennai,CUSID0526,PROD0526,ORD00526,SUPID0526
Jeans,Clothing,8734.44,1,8734.44,30,2024/10/26,2.5,Debit Card,Uniqlo,1746.888,Wholesale,North,Jaipur,CUSID0527,PROD0527,ORD00527,SUPID0527
Perfume,Beauty,32422.04,5,162110.2,20,2024/02/18,1.9,Net Banking,Shiseido,32422.04,Wholesale,West,Ahemdabad,CUSID0528,PROD0528,ORD00528,SUPID0528
Laptop,Electronics,45532.34,5,227661.7,25,2024/04/28,3.6,Credit Card,Sony,45532.34,Retail,West,Ahemdabad,CUSID0529,PROD0529,ORD00529,SUPID0529
Face Cream,Beauty,22534.8,4,90139.2,11,2024/08/30,1.4,COD,Shiseido,18027.84,Retail,North,Delhi,CUSID0530,PROD0530,ORD00530,SUPID0530
Self-Help Book,Books,26058.55,1,26058.55,8,2024/10/28,2,UPI,Kodansha,5211.71,Wholesale,South,Bengaluru,CUSID0531,PROD0531,ORD00531,SUPID0531
Bedsheet,Home & Kitchen,13348.84,2,26697.68,5,2024/07/27,4.2,COD,Zojirushi,5339.536,Online,East,Kolkata,CUSID0532,PROD0532,ORD00532,SUPID0532
Table Lamp,Home & Kitchen,46792.3,1,46792.3,9,2024/06/16,4.9,Credit Card,Zojirushi,9358.46,Online,East,Kolkata,CUSID0533,PROD0533,ORD00533,SUPID0533
Sofa Cover,Home & Kitchen,15764.25,4,63057,27,2024/05/12,4,COD,Zojirushi,12611.4,Online,North,Jaipur,CUSID0534,PROD0534,ORD00534,SUPID0534
Smartwatch,Electronics,45019,5,225095,30,2025/01/07,4.7,COD,Panasonic,45019,Online,East,Kolkata,CUSID0535,PROD0535,ORD00535,SUPID0535
Dress,Clothing,42794.4,4,171177.6,14,2024/06/25,4.6,COD,Uniqlo,34235.52,Retail,South,Bengaluru,CUSID0536,PROD0536,ORD00536,SUPID0536
Educational Book,Books,492.53,1,492.53,26,2024/04/15,4.4,Credit Card,Kodansha,98.506,Wholesale,South,Chennai,CUSID0537,PROD0537,ORD00537,SUPID0537
Sofa Cover,Home & Kitchen,30721.51,4,122886.04,9,2024/07/28,3.4,Wallet,Zojirushi,24577.208,Online,North,Jaipur,CUSID0538,PROD0538,ORD00538,SUPID0538
Cookware Set,Home & Kitchen,17162.64,3,51487.92,8,2024/07/12,4.7,COD,Zojirushi,10297.584,Retail,South,Chennai,CUSID0539,PROD0539,ORD00539,SUPID0539
Cookbook,Books,45888.54,3,137665.62,6,2024/04/08,2,Credit Card,Kodansha,27533.124,Online,West,Ahemdabad,CUSID0540,PROD0540,ORD00540,SUPID0540
Table Lamp,Home & Kitchen,49052.43,3,147157.29,24,2024/12/02,4.5,Debit Card,Zojirushi,29431.458,Wholesale,North,Jaipur,CUSID0541,PROD0541,ORD00541,SUPID0541
Sofa Cover,Home & Kitchen,2435.97,1,2435.97,14,2024/03/30,2.3,Credit Card,Zojirushi,487.194,Retail,South,Bengaluru,CUSID0542,PROD0542,ORD00542,SUPID0542
Table Lamp,Home & Kitchen,48128.02,4,192512.08,30,2024/05/13,3.2,Wallet,Zojirushi,38502.416,Wholesale,North,Jaipur,CUSID0543,PROD0543,ORD00543,SUPID0543
Perfume,Beauty,47111.56,5,235557.8,23,2024/04/30,2.9,UPI,Shiseido,47111.56,Wholesale,East,Kolkata,CUSID0544,PROD0544,ORD00544,SUPID0544
Educational Book,Books,8091.3,5,40456.5,30,2024/08/14,2,Credit Card,Kodansha,8091.3,Retail,South,Bengaluru,CUSID0545,PROD0545,ORD00545,SUPID0545
Bedsheet,Home & Kitchen,43217.1,5,216085.5,5,2024/12/18,2.6,Debit Card,Zojirushi,43217.1,Retail,West,Mumbai,CUSID0546,PROD0546,ORD00546,SUPID0546
Jacket,Clothing,35592.76,2,71185.52,28,2024/05/06,4.6,Debit Card,Uniqlo,14237.104,Retail,South,Chennai,CUSID0547,PROD0547,ORD00547,SUPID0547
Hair Dryer,Beauty,9534.89,5,47674.45,9,2024/07/14,4.2,Net Banking,Shiseido,9534.89,Retail,North,Delhi,CUSID0548,PROD0548,ORD00548,SUPID0548
Shampoo,Beauty,46990.87,4,187963.48,17,2024/04/02,1.7,COD,Shiseido,37592.696,Retail,North,Jaipur,CUSID0549,PROD0549,ORD00549,SUPID0549
Table Lamp,Home & Kitchen,31137.03,5,155685.15,8,2024/12/29,2.6,Credit Card,Zojirushi,31137.03,Retail,South,Bengaluru,CUSID0550,PROD0550,ORD00550,SUPID0550
Laptop,Electronics,35821.16,4,143284.64,20,2025/02/07,2.1,Debit Card,Panasonic,28656.928,Retail,West,Ahemdabad,CUSID0551,PROD0551,ORD00551,SUPID0551
Shampoo,Beauty,28156.95,5,140784.75,28,2024/05/06,2.7,UPI,Shiseido,28156.95,Online,West,Mumbai,CUSID0552,PROD0552,ORD00552,SUPID0552
Lipstick,Beauty,9335.19,2,18670.38,20,2024/11/28,3.9,COD,Shiseido,3734.076,Wholesale,West,Mumbai,CUSID0553,PROD0553,ORD00553,SUPID0553
T-Shirt,Clothing,25114.77,2,50229.54,27,2024/08/07,3.6,COD,Uniqlo,10045.908,Retail,North,Jaipur,CUSID0554,PROD0554,ORD00554,SUPID0554
Lipstick,Beauty,19961.03,3,59883.09,6,2024/11/28,2.9,Credit Card,Shiseido,11976.618,Online,South,Bengaluru,CUSID0555,PROD0555,ORD00555,SUPID0555
Laptop,Electronics,38488.04,2,76976.08,21,2024/08/04,1.1,UPI,Sony,15395.216,Online,East,Kolkata,CUSID0556,PROD0556,ORD00556,SUPID0556
Perfume,Beauty,20202.56,5,101012.8,24,2024/05/17,3.6,Credit Card,Shiseido,20202.56,Online,North,Jaipur,CUSID0557,PROD0557,ORD00557,SUPID0557
Headphones,Electronics,39008.37,3,117025.11,28,2024/09/21,2.2,Net Banking,Sony,23405.022,Wholesale,West,Ahemdabad,CUSID0558,PROD0558,ORD00558,SUPID0558
Perfume,Beauty,9946.27,1,9946.27,16,2024/12/19,1.1,Credit Card,Shiseido,1989.254,Retail,South,Bengaluru,CUSID0559,PROD0559,ORD00559,SUPID0559
T-Shirt,Clothing,7994.76,5,39973.8,22,2024/09/23,1.5,Debit Card,Uniqlo,7994.76,Online,West,Mumbai,CUSID0560,PROD0560,ORD00560,SUPID0560
Cookware Set,Home & Kitchen,6341.62,3,19024.86,7,2024/12/06,4.4,Credit Card,Zojirushi,3804.972,Wholesale,East,Kolkata,CUSID0561,PROD0561,ORD00561,SUPID0561
Jeans,Clothing,37503.57,4,150014.28,5,2024/04/03,1.8,COD,Uniqlo,30002.856,Wholesale,West,Mumbai,CUSID0562,PROD0562,ORD00562,SUPID0562
Fiction Novel,Books,36760.35,1,36760.35,5,2024/08/27,1.5,Credit Card,Kodansha,7352.07,Wholesale,West,Ahemdabad,CUSID0563,PROD0563,ORD00563,SUPID0563
Jacket,Clothing,38023.86,5,190119.3,23,2024/07/22,2.1,Credit Card,Uniqlo,38023.86,Online,East,Kolkata,CUSID0564,PROD0564,ORD00564,SUPID0564
Dress,Clothing,17983.34,1,17983.34,15,2024/02/20,1.5,COD,Uniqlo,3596.668,Retail,South,Bengaluru,CUSID0565,PROD0565,ORD00565,SUPID0565
Bedsheet,Home & Kitchen,25457.34,5,127286.7,9,2024/05/11,4.3,UPI,Zojirushi,25457.34,Online,North,Jaipur,CUSID0566,PROD0566,ORD00566,SUPID0566
Self-Help Book,Books,26220.67,4,104882.68,16,2024/04/30,3.3,Net Banking,Kodansha,20976.536,Online,South,Bengaluru,CUSID0567,PROD0567,ORD00567,SUPID0567
Educational Book,Books,48670.07,1,48670.07,7,2025/02/01,4.2,UPI,Kodansha,9734.014,Retail,East,Kolkata,CUSID0568,PROD0568,ORD00568,SUPID0568
Smartphone,Electronics,12197.36,5,60986.8,5,2025/01/10,3.5,Debit Card,Sony,12197.36,Retail,West,Mumbai,CUSID0569,PROD0569,ORD00569,SUPID0569
Tablet,Electronics,14488.22,4,57952.88,5,2024/12/25,2.7,Net Banking,Panasonic,11590.576,Retail,South,Chennai,CUSID0570,PROD0570,ORD00570,SUPID0570
Table Lamp,Home & Kitchen,33547.94,2,67095.88,12,2025/01/15,1.1,Net Banking,Zojirushi,13419.176,Wholesale,North,Delhi,CUSID0571,PROD0571,ORD00571,SUPID0571
Sneakers,Clothing,4800.26,5,24001.3,14,2024/03/23,2.2,UPI,Uniqlo,4800.26,Retail,East,Kolkata,CUSID0572,PROD0572,ORD00572,SUPID0572
Cookware Set,Home & Kitchen,36429.57,4,145718.28,15,2024/04/08,4.6,Credit Card,Zojirushi,29143.656,Online,South,Bengaluru,CUSID0573,PROD0573,ORD00573,SUPID0573
Tablet,Electronics,29775.43,4,119101.72,16,2024/02/17,4.6,Debit Card,Sony,23820.344,Retail,North,Delhi,CUSID0574,PROD0574,ORD00574,SUPID0574
Perfume,Beauty,10736.32,3,32208.96,17,2024/07/15,3.7,UPI,Shiseido,6441.792,Online,East,Kolkata,CUSID0575,PROD0575,ORD00575,SUPID0575
Self-Help Book,Books,8005.02,5,40025.1,16,2024/05/10,2.5,UPI,Kodansha,8005.02,Wholesale,North,Delhi,CUSID0576,PROD0576,ORD00576,SUPID0576
Perfume,Beauty,32078.48,3,96235.44,18,2024/03/27,4.5,Credit Card,Shiseido,19247.088,Online,East,Kolkata,CUSID0577,PROD0577,ORD00577,SUPID0577
Smartwatch,Electronics,31277.18,1,31277.18,6,2024/09/10,3,Debit Card,Panasonic,6255.436,Online,West,Mumbai,CUSID0578,PROD0578,ORD00578,SUPID0578
Headphones,Electronics,31094.13,1,31094.13,23,2024/11/03,2.7,UPI,Sony,6218.826,Retail,South,Chennai,CUSID0579,PROD0579,ORD00579,SUPID0579
Comic Book,Books,15881.67,4,63526.68,22,2025/01/19,4.3,Wallet,Kodansha,12705.336,Retail,North,Delhi,CUSID0580,PROD0580,ORD00580,SUPID0580
Jacket,Clothing,16129.77,4,64519.08,7,2024/06/19,1,Debit Card,Uniqlo,12903.816,Online,East,Kolkata,CUSID0581,PROD0581,ORD00581,SUPID0581
Hair Dryer,Beauty,39478.69,5,197393.45,27,2024/11/24,2.7,Credit Card,Shiseido,39478.69,Retail,North,Delhi,CUSID0582,PROD0582,ORD00582,SUPID0582
Comic Book,Books,29635.8,3,88907.4,21,2025/01/16,1.2,Credit Card,Kodansha,17781.48,Wholesale,North,Delhi,CUSID0583,PROD0583,ORD00583,SUPID0583
Smartwatch,Electronics,7892.27,2,15784.54,30,2024/05/02,1.1,Net Banking,Sony,3156.908,Wholesale,South,Bengaluru,CUSID0584,PROD0584,ORD00584,SUPID0584
Tablet,Electronics,45112.24,3,135336.72,12,2024/11/13,4.7,Wallet,Sony,27067.344,Retail,West,Mumbai,CUSID0585,PROD0585,ORD00585,SUPID0585
Jeans,Clothing,26527.78,4,106111.12,30,2024/02/15,3.7,Net Banking,Uniqlo,21222.224,Wholesale,North,Delhi,CUSID0586,PROD0586,ORD00586,SUPID0586
Cookware Set,Home & Kitchen,37170.4,5,185852,14,2024/05/08,3.7,Debit Card,Zojirushi,37170.4,Retail,East,Kolkata,CUSID0587,PROD0587,ORD00587,SUPID0587
Jeans,Clothing,47535.79,5,237678.95,30,2024/02/15,1.8,Debit Card,Uniqlo,47535.79,Online,East,Kolkata,CUSID0588,PROD0588,ORD00588,SUPID0588
Bedsheet,Home & Kitchen,30252.89,4,121011.56,6,2024/12/16,4.1,Wallet,Zojirushi,24202.312,Online,West,Mumbai,CUSID0589,PROD0589,ORD00589,SUPID0589
Sneakers,Clothing,3126.9,3,9380.7,23,2024/10/30,1.9,COD,Uniqlo,1876.14,Wholesale,East,Kolkata,CUSID0590,PROD0590,ORD00590,SUPID0590
Self-Help Book,Books,40295.47,3,120886.41,13,2024/04/29,2.8,UPI,Kodansha,24177.282,Retail,West,Ahemdabad,CUSID0591,PROD0591,ORD00591,SUPID0591
Perfume,Beauty,462,4,1848,11,2024/06/18,3.4,COD,Shiseido,369.6,Retail,East,Kolkata,CUSID0592,PROD0592,ORD00592,SUPID0592
Lipstick,Beauty,22475.54,3,67426.62,8,2024/03/15,1.6,UPI,Shiseido,13485.324,Wholesale,South,Bengaluru,CUSID0593,PROD0593,ORD00593,SUPID0593
Headphones,Electronics,19218.55,2,38437.1,30,2024/09/20,4.5,Wallet,Panasonic,7687.42,Online,North,Jaipur,CUSID0594,PROD0594,ORD00594,SUPID0594
Smartwatch,Electronics,31162.39,5,155811.95,25,2024/04/16,3.4,Credit Card,Sony,31162.39,Wholesale,South,Chennai,CUSID0595,PROD0595,ORD00595,SUPID0595
Hair Dryer,Beauty,16017.54,1,16017.54,22,2024/06/15,3.5,UPI,Shiseido,3203.508,Online,North,Delhi,CUSID0596,PROD0596,ORD00596,SUPID0596
Cookware Set,Home & Kitchen,19008.81,4,76035.24,17,2024/07/05,4.2,COD,Zojirushi,15207.048,Retail,North,Delhi,CUSID0597,PROD0597,ORD00597,SUPID0597
Headphones,Electronics,22353.43,3,67060.29,15,2024/12/02,1.3,Debit Card,Sony,13412.058,Online,North,Delhi,CUSID0598,PROD0598,ORD00598,SUPID0598
Mixer Grinder,Home & Kitchen,30122.28,5,150611.4,28,2025/01/30,4.8,UPI,Zojirushi,30122.28,Wholesale,South,Chennai,CUSID0599,PROD0599,ORD00599,SUPID0599
Tablet,Electronics,7289.72,5,36448.6,8,2024/05/29,1.9,Wallet,Sony,7289.72,Retail,North,Jaipur,CUSID0600,PROD0600,ORD00600,SUPID0600
Smartwatch,Electronics,32122.43,4,128489.72,29,2024/02/22,2.8,COD,Sony,25697.944,Wholesale,South,Chennai,CUSID0601,PROD0601,ORD00601,SUPID0601
Sneakers,Clothing,43852.34,3,131557.02,25,2024/04/24,4.2,Net Banking,Uniqlo,26311.404,Wholesale,West,Ahemdabad,CUSID0602,PROD0602,ORD00602,SUPID0602
Bedsheet,Home & Kitchen,23005.86,1,23005.86,29,2024/07/18,4.8,Credit Card,Zojirushi,4601.172,Online,East,Kolkata,CUSID0603,PROD0603,ORD00603,SUPID0603
Sneakers,Clothing,48580.6,1,48580.6,8,2024/10/09,3,UPI,Uniqlo,9716.12,Wholesale,East,Kolkata,CUSID0604,PROD0604,ORD00604,SUPID0604
Face Cream,Beauty,10320.87,5,51604.35,14,2025/02/05,2.8,Wallet,Shiseido,10320.87,Online,North,Jaipur,CUSID0605,PROD0605,ORD00605,SUPID0605
Cookware Set,Home & Kitchen,43149.24,1,43149.24,9,2024/07/06,1.9,UPI,Zojirushi,8629.848,Retail,South,Bengaluru,CUSID0606,PROD0606,ORD00606,SUPID0606
Self-Help Book,Books,567.81,4,2271.24,13,2025/01/17,4.5,Wallet,Kodansha,454.248,Online,East,Kolkata,CUSID0607,PROD0607,ORD00607,SUPID0607
Comic Book,Books,6705.43,5,33527.15,28,2024/09/01,4.5,Wallet,Kodansha,6705.43,Retail,South,Chennai,CUSID0608,PROD0608,ORD00608,SUPID0608
T-Shirt,Clothing,29974.35,5,149871.75,7,2025/01/01,3.1,Wallet,Uniqlo,29974.35,Online,South,Chennai,CUSID0609,PROD0609,ORD00609,SUPID0609
Tablet,Electronics,5739.3,4,22957.2,21,2024/07/15,4.6,Credit Card,Sony,4591.44,Wholesale,North,Jaipur,CUSID0610,PROD0610,ORD00610,SUPID0610
Jeans,Clothing,21417.72,4,85670.88,7,2024/07/20,4.5,Debit Card,Uniqlo,17134.176,Online,East,Kolkata,CUSID0611,PROD0611,ORD00611,SUPID0611
Table Lamp,Home & Kitchen,25404.68,4,101618.72,20,2025/01/11,4.6,Credit Card,Zojirushi,20323.744,Online,North,Delhi,CUSID0612,PROD0612,ORD00612,SUPID0612
Mixer Grinder,Home & Kitchen,27582.01,2,55164.02,8,2024/02/13,1.5,Debit Card,Zojirushi,11032.804,Retail,North,Jaipur,CUSID0613,PROD0613,ORD00613,SUPID0613
Bedsheet,Home & Kitchen,23584.89,3,70754.67,22,2024/07/07,4.1,Wallet,Zojirushi,14150.934,Wholesale,East,Kolkata,CUSID0614,PROD0614,ORD00614,SUPID0614
Educational Book,Books,24444.89,3,73334.67,21,2024/08/29,1.2,Wallet,Kodansha,14666.934,Online,East,Kolkata,CUSID0615,PROD0615,ORD00615,SUPID0615
Dress,Clothing,8080.22,2,16160.44,11,2024/03/07,3.6,Debit Card,Uniqlo,3232.088,Wholesale,West,Ahemdabad,CUSID0616,PROD0616,ORD00616,SUPID0616
Lipstick,Beauty,27860.8,2,55721.6,28,2024/07/14,2.6,Credit Card,Shiseido,11144.32,Online,West,Mumbai,CUSID0617,PROD0617,ORD00617,SUPID0617
Fiction Novel,Books,30468.47,3,91405.41,27,2024/06/27,1.7,Credit Card,Kodansha,18281.082,Online,South,Bengaluru,CUSID0618,PROD0618,ORD00618,SUPID0618
Lipstick,Beauty,7718.78,1,7718.78,9,2024/12/28,1.1,Debit Card,Shiseido,1543.756,Wholesale,East,Kolkata,CUSID0619,PROD0619,ORD00619,SUPID0619
Face Cream,Beauty,34866.42,1,34866.42,16,2024/12/18,3.6,COD,Shiseido,6973.284,Online,West,Mumbai,CUSID0620,PROD0620,ORD00620,SUPID0620
Sneakers,Clothing,5369.5,1,5369.5,21,2024/10/09,3.2,COD,Uniqlo,1073.9,Wholesale,South,Bengaluru,CUSID0621,PROD0621,ORD00621,SUPID0621
Perfume,Beauty,18338.76,5,91693.8,27,2024/02/15,4,Wallet,Shiseido,18338.76,Online,South,Chennai,CUSID0622,PROD0622,ORD00622,SUPID0622
Headphones,Electronics,48287.49,4,193149.96,17,2024/11/28,1.1,UPI,Panasonic,38629.992,Retail,South,Chennai,CUSID0623,PROD0623,ORD00623,SUPID0623
T-Shirt,Clothing,18161.01,4,72644.04,27,2024/07/13,2.3,Credit Card,Uniqlo,14528.808,Wholesale,West,Ahemdabad,CUSID0624,PROD0624,ORD00624,SUPID0624
Jeans,Clothing,21064.01,3,63192.03,29,2024/07/14,1.9,Net Banking,Uniqlo,12638.406,Online,East,Kolkata,CUSID0625,PROD0625,ORD00625,SUPID0625
Fiction Novel,Books,8598.22,5,42991.1,7,2025/02/07,1.4,UPI,Kodansha,8598.22,Online,North,Delhi,CUSID0626,PROD0626,ORD00626,SUPID0626
Smartwatch,Electronics,27897.4,2,55794.8,13,2024/11/05,1.8,COD,Panasonic,11158.96,Retail,South,Bengaluru,CUSID0627,PROD0627,ORD00627,SUPID0627
Lipstick,Beauty,3153.16,2,6306.32,21,2024/08/27,4.4,Net Banking,Shiseido,1261.264,Wholesale,West,Mumbai,CUSID0628,PROD0628,ORD00628,SUPID0628
Headphones,Electronics,25634.9,1,25634.9,21,2024/10/01,4.3,Net Banking,Sony,5126.98,Online,West,Ahemdabad,CUSID0629,PROD0629,ORD00629,SUPID0629
Smartphone,Electronics,9427.83,3,28283.49,24,2024/06/14,4.2,Net Banking,Sony,5656.698,Retail,North,Delhi,CUSID0630,PROD0630,ORD00630,SUPID0630
Shampoo,Beauty,22564.13,1,22564.13,20,2024/10/10,3.2,Wallet,Shiseido,4512.826,Online,North,Delhi,CUSID0631,PROD0631,ORD00631,SUPID0631
Sneakers,Clothing,47288.95,1,47288.95,29,2025/01/10,3.1,Wallet,Uniqlo,9457.79,Wholesale,West,Mumbai,CUSID0632,PROD0632,ORD00632,SUPID0632
Educational Book,Books,24537.79,3,73613.37,26,2024/10/09,1.6,Credit Card,Kodansha,14722.674,Online,East,Kolkata,CUSID0633,PROD0633,ORD00633,SUPID0633
Smartwatch,Electronics,22226.76,5,111133.8,17,2024/06/15,4.7,Debit Card,Sony,22226.76,Online,North,Jaipur,CUSID0634,PROD0634,ORD00634,SUPID0634
Hair Dryer,Beauty,14103.34,2,28206.68,23,2024/06/23,1.6,COD,Shiseido,5641.336,Online,West,Ahemdabad,CUSID0635,PROD0635,ORD00635,SUPID0635
Sofa Cover,Home & Kitchen,19376.32,1,19376.32,21,2024/09/22,4.5,UPI,Zojirushi,3875.264,Online,North,Delhi,CUSID0636,PROD0636,ORD00636,SUPID0636
Educational Book,Books,41619.15,1,41619.15,8,2024/05/11,4.9,Debit Card,Kodansha,8323.83,Retail,East,Kolkata,CUSID0637,PROD0637,ORD00637,SUPID0637
Cookware Set,Home & Kitchen,14084.61,3,42253.83,16,2024/09/15,4.9,Wallet,Zojirushi,8450.766,Retail,South,Chennai,CUSID0638,PROD0638,ORD00638,SUPID0638
Smartwatch,Electronics,25935.66,5,129678.3,13,2024/12/23,3.7,Debit Card,Sony,25935.66,Wholesale,North,Jaipur,CUSID0639,PROD0639,ORD00639,SUPID0639
Smartwatch,Electronics,30657.64,5,153288.2,23,2024/12/10,4.8,Net Banking,Sony,30657.64,Retail,East,Kolkata,CUSID0640,PROD0640,ORD00640,SUPID0640
Dress,Clothing,13596.18,3,40788.54,16,2024/07/06,2.9,Credit Card,Uniqlo,8157.708,Retail,West,Ahemdabad,CUSID0641,PROD0641,ORD00641,SUPID0641
Hair Dryer,Beauty,28379.75,5,141898.75,13,2024/12/03,4.4,COD,Shiseido,28379.75,Wholesale,North,Jaipur,CUSID0642,PROD0642,ORD00642,SUPID0642
Dress,Clothing,12422.09,2,24844.18,11,2024/04/05,3.4,COD,Uniqlo,4968.836,Retail,North,Delhi,CUSID0643,PROD0643,ORD00643,SUPID0643
Shampoo,Beauty,18747.94,1,18747.94,18,2024/10/31,2.2,Net Banking,Shiseido,3749.588,Retail,West,Ahemdabad,CUSID0644,PROD0644,ORD00644,SUPID0644
Smartwatch,Electronics,35524.56,1,35524.56,24,2024/08/08,2,UPI,Sony,7104.912,Wholesale,South,Chennai,CUSID0645,PROD0645,ORD00645,SUPID0645
T-Shirt,Clothing,36454.63,1,36454.63,23,2024/06/21,4.3,UPI,Uniqlo,7290.926,Wholesale,West,Mumbai,CUSID0646,PROD0646,ORD00646,SUPID0646
Laptop,Electronics,23249.27,3,69747.81,30,2024/09/28,2.2,Credit Card,Sony,13949.562,Wholesale,North,Delhi,CUSID0647,PROD0647,ORD00647,SUPID0647
Shampoo,Beauty,48842.53,1,48842.53,19,2024/05/12,2.7,Net Banking,Shiseido,9768.506,Online,West,Ahemdabad,CUSID0648,PROD0648,ORD00648,SUPID0648
Tablet,Electronics,21881.01,1,21881.01,20,2024/05/11,3.5,Wallet,Sony,4376.202,Online,East,Kolkata,CUSID0649,PROD0649,ORD00649,SUPID0649
Educational Book,Books,38964.36,5,194821.8,25,2024/10/29,3.9,Wallet,Kodansha,38964.36,Wholesale,West,Ahemdabad,CUSID0650,PROD0650,ORD00650,SUPID0650
Sofa Cover,Home & Kitchen,1435.38,4,5741.52,9,2024/03/24,2,UPI,Zojirushi,1148.304,Wholesale,North,Jaipur,CUSID0651,PROD0651,ORD00651,SUPID0651
Laptop,Electronics,2536.16,5,12680.8,7,2024/05/18,1.8,COD,Sony,2536.16,Wholesale,West,Mumbai,CUSID0652,PROD0652,ORD00652,SUPID0652
Headphones,Electronics,21992.38,5,109961.9,16,2024/07/28,3.9,Debit Card,Sony,21992.38,Online,South,Bengaluru,CUSID0653,PROD0653,ORD00653,SUPID0653
Lipstick,Beauty,20194.2,2,40388.4,29,2024/10/16,3.1,Debit Card,Shiseido,8077.68,Online,West,Ahemdabad,CUSID0654,PROD0654,ORD00654,SUPID0654
Jacket,Clothing,18789.81,3,56369.43,24,2024/04/25,2,Debit Card,Uniqlo,11273.886,Retail,South,Bengaluru,CUSID0655,PROD0655,ORD00655,SUPID0655
Laptop,Electronics,33027.63,2,66055.26,25,2024/08/31,1.5,COD,Panasonic,13211.052,Retail,East,Kolkata,CUSID0656,PROD0656,ORD00656,SUPID0656
Shampoo,Beauty,44953.24,5,224766.2,8,2024/07/27,1.1,Wallet,Shiseido,44953.24,Wholesale,South,Bengaluru,CUSID0657,PROD0657,ORD00657,SUPID0657
Jacket,Clothing,47047.23,5,235236.15,25,2024/11/17,3,Wallet,Uniqlo,47047.23,Online,West,Ahemdabad,CUSID0658,PROD0658,ORD00658,SUPID0658
Headphones,Electronics,34358.78,3,103076.34,27,2024/09/28,2.4,Net Banking,Panasonic,20615.268,Online,North,Jaipur,CUSID0659,PROD0659,ORD00659,SUPID0659
Lipstick,Beauty,12779.59,5,63897.95,20,2024/11/24,2.8,Credit Card,Shiseido,12779.59,Online,South,Chennai,CUSID0660,PROD0660,ORD00660,SUPID0660
Cookbook,Books,30878.47,5,154392.35,29,2024/07/11,2.5,UPI,Kodansha,30878.47,Wholesale,East,Kolkata,CUSID0661,PROD0661,ORD00661,SUPID0661
Face Cream,Beauty,24227.24,1,24227.24,11,2024/03/01,2.7,Debit Card,Shiseido,4845.448,Retail,South,Chennai,CUSID0662,PROD0662,ORD00662,SUPID0662
Jeans,Clothing,15282.31,4,61129.24,17,2024/06/17,2.1,Net Banking,Uniqlo,12225.848,Wholesale,South,Chennai,CUSID0663,PROD0663,ORD00663,SUPID0663
Lipstick,Beauty,46933.96,1,46933.96,25,2024/06/03,2.5,Debit Card,Shiseido,9386.792,Retail,South,Chennai,CUSID0664,PROD0664,ORD00664,SUPID0664
Perfume,Beauty,14622.12,1,14622.12,14,2025/01/02,4.9,Credit Card,Shiseido,2924.424,Retail,East,Kolkata,CUSID0665,PROD0665,ORD00665,SUPID0665
Cookbook,Books,34830.28,4,139321.12,30,2024/11/13,2.9,Credit Card,Kodansha,27864.224,Wholesale,West,Ahemdabad,CUSID0666,PROD0666,ORD00666,SUPID0666
Perfume,Beauty,43118.19,5,215590.95,11,2025/01/17,4,Net Banking,Shiseido,43118.19,Retail,South,Chennai,CUSID0667,PROD0667,ORD00667,SUPID0667
Cookbook,Books,29885.36,3,89656.08,18,2024/05/04,4.1,Debit Card,Kodansha,17931.216,Retail,South,Bengaluru,CUSID0668,PROD0668,ORD00668,SUPID0668
Educational Book,Books,7728.33,5,38641.65,30,2024/06/28,3.9,COD,Kodansha,7728.33,Online,North,Delhi,CUSID0669,PROD0669,ORD00669,SUPID0669
Cookware Set,Home & Kitchen,36096.74,5,180483.7,9,2025/01/22,1.8,Net Banking,Zojirushi,36096.74,Retail,East,Kolkata,CUSID0670,PROD0670,ORD00670,SUPID0670
T-Shirt,Clothing,19275.66,4,77102.64,7,2024/04/17,1.8,Net Banking,Uniqlo,15420.528,Wholesale,South,Chennai,CUSID0671,PROD0671,ORD00671,SUPID0671
Sofa Cover,Home & Kitchen,15387.59,4,61550.36,27,2024/09/23,1,Wallet,Zojirushi,12310.072,Wholesale,East,Kolkata,CUSID0672,PROD0672,ORD00672,SUPID0672
Smartphone,Electronics,23806.64,1,23806.64,15,2024/03/02,2.5,Debit Card,Sony,4761.328,Retail,South,Chennai,CUSID0673,PROD0673,ORD00673,SUPID0673
Hair Dryer,Beauty,28568.97,1,28568.97,15,2024/07/02,1,Debit Card,Shiseido,5713.794,Online,West,Ahemdabad,CUSID0674,PROD0674,ORD00674,SUPID0674
Laptop,Electronics,40753.52,1,40753.52,22,2024/03/01,4.2,Debit Card,Sony,8150.704,Online,West,Mumbai,CUSID0675,PROD0675,ORD00675,SUPID0675
Tablet,Electronics,38571.81,4,154287.24,19,2024/03/16,1.2,COD,Sony,30857.448,Retail,South,Bengaluru,CUSID0676,PROD0676,ORD00676,SUPID0676
Smartphone,Electronics,25161.91,5,125809.55,16,2024/05/04,3.4,Wallet,Sony,25161.91,Retail,West,Ahemdabad,CUSID0677,PROD0677,ORD00677,SUPID0677
Perfume,Beauty,12124.19,3,36372.57,13,2024/11/21,4.7,Debit Card,Shiseido,7274.514,Wholesale,South,Bengaluru,CUSID0678,PROD0678,ORD00678,SUPID0678
Educational Book,Books,2013.64,3,6040.92,14,2024/03/13,3.8,UPI,Kodansha,1208.184,Retail,West,Mumbai,CUSID0679,PROD0679,ORD00679,SUPID0679
Bedsheet,Home & Kitchen,6002.25,3,18006.75,30,2024/10/04,3.5,COD,Zojirushi,3601.35,Online,North,Jaipur,CUSID0680,PROD0680,ORD00680,SUPID0680
Self-Help Book,Books,31332.42,4,125329.68,16,2024/09/08,1.4,Credit Card,Kodansha,25065.936,Retail,North,Delhi,CUSID0681,PROD0681,ORD00681,SUPID0681
Bedsheet,Home & Kitchen,17539.19,1,17539.19,21,2024/07/07,3.9,Wallet,Zojirushi,3507.838,Wholesale,North,Delhi,CUSID0682,PROD0682,ORD00682,SUPID0682
Fiction Novel,Books,14865.47,2,29730.94,10,2024/08/23,1.6,UPI,Kodansha,5946.188,Wholesale,East,Kolkata,CUSID0683,PROD0683,ORD00683,SUPID0683
Dress,Clothing,48130.6,5,240653,11,2024/11/23,4,UPI,Uniqlo,48130.6,Wholesale,East,Kolkata,CUSID0684,PROD0684,ORD00684,SUPID0684
Educational Book,Books,8970.27,3,26910.81,18,2024/06/21,1.1,COD,Kodansha,5382.162,Wholesale,North,Jaipur,CUSID0685,PROD0685,ORD00685,SUPID0685
Headphones,Electronics,14359.73,2,28719.46,17,2024/06/22,4.4,UPI,Panasonic,5743.892,Wholesale,East,Kolkata,CUSID0686,PROD0686,ORD00686,SUPID0686
Perfume,Beauty,17009.73,4,68038.92,12,2024/11/12,3.7,Debit Card,Shiseido,13607.784,Retail,West,Ahemdabad,CUSID0687,PROD0687,ORD00687,SUPID0687
T-Shirt,Clothing,10385.24,2,20770.48,14,2024/03/22,4.7,UPI,Uniqlo,4154.096,Retail,South,Bengaluru,CUSID0688,PROD0688,ORD00688,SUPID0688
Tablet,Electronics,28261.1,2,56522.2,13,2025/01/26,4.3,Wallet,Panasonic,11304.44,Retail,South,Bengaluru,CUSID0689,PROD0689,ORD00689,SUPID0689
Jeans,Clothing,23320.94,2,46641.88,22,2024/05/02,3.2,Wallet,Uniqlo,9328.376,Retail,South,Bengaluru,CUSID0690,PROD0690,ORD00690,SUPID0690
T-Shirt,Clothing,16038,5,80190,30,2024/12/20,2.3,Credit Card,Uniqlo,16038,Wholesale,North,Delhi,CUSID0691,PROD0691,ORD00691,SUPID0691
Sneakers,Clothing,43719.71,5,218598.55,6,2024/11/12,3.4,UPI,Uniqlo,43719.71,Online,East,Kolkata,CUSID0692,PROD0692,ORD00692,SUPID0692
Cookbook,Books,19669.48,2,39338.96,9,2024/05/17,2,Wallet,Kodansha,7867.792,Retail,West,Ahemdabad,CUSID0693,PROD0693,ORD00693,SUPID0693
Lipstick,Beauty,27396.01,1,27396.01,9,2024/03/20,4.9,COD,Shiseido,5479.202,Online,West,Ahemdabad,CUSID0694,PROD0694,ORD00694,SUPID0694
Jacket,Clothing,13763.17,5,68815.85,10,2024/05/22,3.6,Wallet,Uniqlo,13763.17,Retail,North,Jaipur,CUSID0695,PROD0695,ORD00695,SUPID0695
Cookware Set,Home & Kitchen,6421.63,2,12843.26,23,2024/03/05,1.5,Net Banking,Zojirushi,2568.652,Retail,West,Mumbai,CUSID0696,PROD0696,ORD00696,SUPID0696
Self-Help Book,Books,4617.2,4,18468.8,12,2024/03/19,3.8,UPI,Kodansha,3693.76,Online,West,Mumbai,CUSID0697,PROD0697,ORD00697,SUPID0697
T-Shirt,Clothing,6022.31,5,30111.55,20,2024/08/09,3.5,Credit Card,Uniqlo,6022.31,Wholesale,West,Mumbai,CUSID0698,PROD0698,ORD00698,SUPID0698
Face Cream,Beauty,38968.52,4,155874.08,17,2024/11/04,3.9,Net Banking,Shiseido,31174.816,Retail,West,Mumbai,CUSID0699,PROD0699,ORD00699,SUPID0699
Laptop,Electronics,20435.34,5,102176.7,5,2024/10/17,3.8,Credit Card,Panasonic,20435.34,Retail,East,Kolkata,CUSID0700,PROD0700,ORD00700,SUPID0700
Tablet,Electronics,25115.71,2,50231.42,26,2024/08/18,2.5,Wallet,Sony,10046.284,Retail,West,Mumbai,CUSID0701,PROD0701,ORD00701,SUPID0701
Headphones,Electronics,36115.48,1,36115.48,24,2024/04/13,3,UPI,Sony,7223.096,Online,South,Bengaluru,CUSID0702,PROD0702,ORD00702,SUPID0702
Table Lamp,Home & Kitchen,13372.74,2,26745.48,21,2024/09/08,1.7,Wallet,Zojirushi,5349.096,Wholesale,North,Jaipur,CUSID0703,PROD0703,ORD00703,SUPID0703
Educational Book,Books,32472.59,1,32472.59,11,2024/03/27,1,Wallet,Kodansha,6494.518,Online,East,Kolkata,CUSID0704,PROD0704,ORD00704,SUPID0704
Fiction Novel,Books,12097.46,5,60487.3,29,2024/05/21,4.2,COD,Kodansha,12097.46,Online,West,Ahemdabad,CUSID0705,PROD0705,ORD00705,SUPID0705
Cookbook,Books,34446.42,3,103339.26,17,2024/02/27,2.4,UPI,Kodansha,20667.852,Wholesale,East,Kolkata,CUSID0706,PROD0706,ORD00706,SUPID0706
Educational Book,Books,13420.4,4,53681.6,8,2024/12/26,4.7,COD,Kodansha,10736.32,Online,West,Mumbai,CUSID0707,PROD0707,ORD00707,SUPID0707
Comic Book,Books,20686.94,3,62060.82,8,2024/12/26,4.1,Wallet,Kodansha,12412.164,Wholesale,South,Bengaluru,CUSID0708,PROD0708,ORD00708,SUPID0708
Headphones,Electronics,29418.33,2,58836.66,10,2024/07/30,3.3,COD,Sony,11767.332,Retail,North,Jaipur,CUSID0709,PROD0709,ORD00709,SUPID0709
Self-Help Book,Books,6115.91,1,6115.91,23,2024/05/14,1.5,UPI,Kodansha,1223.182,Wholesale,West,Ahemdabad,CUSID0710,PROD0710,ORD00710,SUPID0710
Self-Help Book,Books,33404.12,3,100212.36,16,2024/08/21,2.7,Debit Card,Kodansha,20042.472,Retail,West,Ahemdabad,CUSID0711,PROD0711,ORD00711,SUPID0711
Jeans,Clothing,40046.19,2,80092.38,26,2024/05/07,1.2,UPI,Uniqlo,16018.476,Online,West,Ahemdabad,CUSID0712,PROD0712,ORD00712,SUPID0712
Self-Help Book,Books,22709.95,2,45419.9,11,2024/10/24,4,Credit Card,Kodansha,9083.98,Online,West,Mumbai,CUSID0713,PROD0713,ORD00713,SUPID0713
Fiction Novel,Books,22315.58,1,22315.58,14,2024/09/08,2.6,UPI,Kodansha,4463.116,Retail,North,Jaipur,CUSID0714,PROD0714,ORD00714,SUPID0714
Jeans,Clothing,47608.93,1,47608.93,30,2024/02/25,4.2,UPI,Uniqlo,9521.786,Online,North,Jaipur,CUSID0715,PROD0715,ORD00715,SUPID0715
Jacket,Clothing,19846.64,1,19846.64,23,2024/08/09,3.3,Net Banking,Uniqlo,3969.328,Wholesale,South,Bengaluru,CUSID0716,PROD0716,ORD00716,SUPID0716
Fiction Novel,Books,5975.89,3,17927.67,11,2024/09/01,4.8,UPI,Kodansha,3585.534,Retail,North,Jaipur,CUSID0717,PROD0717,ORD00717,SUPID0717
Fiction Novel,Books,49409.89,4,197639.56,7,2024/09/26,4.1,Net Banking,Kodansha,39527.912,Online,West,Mumbai,CUSID0718,PROD0718,ORD00718,SUPID0718
Dress,Clothing,13885.05,5,69425.25,17,2024/10/12,3.5,Credit Card,Uniqlo,13885.05,Retail,South,Bengaluru,CUSID0719,PROD0719,ORD00719,SUPID0719
Shampoo,Beauty,4080.78,3,12242.34,17,2024/04/08,4.9,Credit Card,Shiseido,2448.468,Wholesale,South,Chennai,CUSID0720,PROD0720,ORD00720,SUPID0720
Headphones,Electronics,27306.31,3,81918.93,22,2024/03/18,3.8,Credit Card,Sony,16383.786,Wholesale,South,Chennai,CUSID0721,PROD0721,ORD00721,SUPID0721
Cookware Set,Home & Kitchen,16580.24,5,82901.2,30,2024/12/02,4.6,Net Banking,Zojirushi,16580.24,Online,West,Ahemdabad,CUSID0722,PROD0722,ORD00722,SUPID0722
Comic Book,Books,12798.83,4,51195.32,24,2024/11/06,5,UPI,Kodansha,10239.064,Wholesale,East,Kolkata,CUSID0723,PROD0723,ORD00723,SUPID0723
Educational Book,Books,18574.12,1,18574.12,12,2024/10/14,3.3,Wallet,Kodansha,3714.824,Retail,West,Mumbai,CUSID0724,PROD0724,ORD00724,SUPID0724
Cookware Set,Home & Kitchen,30836.98,4,123347.92,13,2024/02/14,1.1,Wallet,Zojirushi,24669.584,Wholesale,North,Delhi,CUSID0725,PROD0725,ORD00725,SUPID0725
Sneakers,Clothing,48620.13,4,194480.52,11,2024/07/21,1.9,Debit Card,Uniqlo,38896.104,Retail,North,Jaipur,CUSID0726,PROD0726,ORD00726,SUPID0726
Cookbook,Books,16390.44,2,32780.88,5,2024/08/12,4.2,Credit Card,Kodansha,6556.176,Retail,West,Mumbai,CUSID0727,PROD0727,ORD00727,SUPID0727
Face Cream,Beauty,18862.01,3,56586.03,7,2024/12/10,3,Wallet,Shiseido,11317.206,Wholesale,West,Mumbai,CUSID0728,PROD0728,ORD00728,SUPID0728
Smartwatch,Electronics,11448.28,1,11448.28,17,2024/08/04,3.6,Net Banking,Panasonic,2289.656,Online,South,Bengaluru,CUSID0729,PROD0729,ORD00729,SUPID0729
Hair Dryer,Beauty,24384.05,2,48768.1,29,2024/07/26,3,Debit Card,Shiseido,9753.62,Wholesale,West,Mumbai,CUSID0730,PROD0730,ORD00730,SUPID0730
Perfume,Beauty,18179.43,1,18179.43,21,2024/03/20,4.3,Wallet,Shiseido,3635.886,Retail,South,Chennai,CUSID0731,PROD0731,ORD00731,SUPID0731
Cookware Set,Home & Kitchen,22430.51,1,22430.51,29,2024/09/19,4.5,Credit Card,Zojirushi,4486.102,Retail,North,Delhi,CUSID0732,PROD0732,ORD00732,SUPID0732
Sofa Cover,Home & Kitchen,10241.78,2,20483.56,28,2025/01/15,3.7,Wallet,Zojirushi,4096.712,Wholesale,South,Bengaluru,CUSID0733,PROD0733,ORD00733,SUPID0733
Dress,Clothing,17800.74,3,53402.22,5,2024/11/05,2.9,Wallet,Uniqlo,10680.444,Online,West,Mumbai,CUSID0734,PROD0734,ORD00734,SUPID0734
Comic Book,Books,16174.96,5,80874.8,10,2024/02/19,4.9,Credit Card,Kodansha,16174.96,Online,North,Delhi,CUSID0735,PROD0735,ORD00735,SUPID0735
Cookware Set,Home & Kitchen,2370.61,5,11853.05,25,2024/06/08,3.1,Debit Card,Zojirushi,2370.61,Retail,East,Kolkata,CUSID0736,PROD0736,ORD00736,SUPID0736
Hair Dryer,Beauty,139.85,3,419.55,10,2024/09/14,2,UPI,Shiseido,83.91,Retail,South,Chennai,CUSID0737,PROD0737,ORD00737,SUPID0737
Smartwatch,Electronics,2519.18,1,2519.18,30,2024/12/01,2.4,Net Banking,Sony,503.836,Online,North,Jaipur,CUSID0738,PROD0738,ORD00738,SUPID0738
Hair Dryer,Beauty,32626.32,4,130505.28,16,2024/10/21,2.9,UPI,Shiseido,26101.056,Wholesale,South,Bengaluru,CUSID0739,PROD0739,ORD00739,SUPID0739
Smartphone,Electronics,14636.55,3,43909.65,17,2024/05/09,3.6,Credit Card,Panasonic,8781.93,Retail,North,Delhi,CUSID0740,PROD0740,ORD00740,SUPID0740
Face Cream,Beauty,19549.44,5,97747.2,17,2024/08/07,1.7,Wallet,Shiseido,19549.44,Retail,North,Jaipur,CUSID0741,PROD0741,ORD00741,SUPID0741
Headphones,Electronics,37195.73,2,74391.46,19,2024/11/28,2.7,UPI,Sony,14878.292,Online,South,Chennai,CUSID0742,PROD0742,ORD00742,SUPID0742
Sofa Cover,Home & Kitchen,34821.93,3,104465.79,25,2024/10/20,4.4,Credit Card,Zojirushi,20893.158,Wholesale,East,Kolkata,CUSID0743,PROD0743,ORD00743,SUPID0743
Lipstick,Beauty,28630.92,4,114523.68,20,2025/01/18,4.2,Credit Card,Shiseido,22904.736,Online,North,Delhi,CUSID0744,PROD0744,ORD00744,SUPID0744
T-Shirt,Clothing,25059.36,5,125296.8,26,2024/03/07,2.4,UPI,Uniqlo,25059.36,Wholesale,North,Delhi,CUSID0745,PROD0745,ORD00745,SUPID0745
Sofa Cover,Home & Kitchen,47795.34,1,47795.34,25,2024/12/13,2.3,COD,Zojirushi,9559.068,Wholesale,North,Delhi,CUSID0746,PROD0746,ORD00746,SUPID0746
Sneakers,Clothing,36918.2,4,147672.8,15,2024/02/28,3.2,Wallet,Uniqlo,29534.56,Wholesale,East,Kolkata,CUSID0747,PROD0747,ORD00747,SUPID0747
Lipstick,Beauty,3394.38,3,10183.14,9,2024/06/26,3.5,UPI,Shiseido,2036.628,Retail,East,Kolkata,CUSID0748,PROD0748,ORD00748,SUPID0748
Smartphone,Electronics,11142.38,5,55711.9,8,2024/08/07,3.3,Credit Card,Sony,11142.38,Online,West,Mumbai,CUSID0749,PROD0749,ORD00749,SUPID0749
Cookware Set,Home & Kitchen,18602.85,5,93014.25,7,2024/10/25,4.3,UPI,Zojirushi,18602.85,Online,South,Chennai,CUSID0750,PROD0750,ORD00750,SUPID0750
Jacket,Clothing,13557.11,5,67785.55,23,2024/05/25,1.3,Net Banking,Uniqlo,13557.11,Wholesale,East,Kolkata,CUSID0751,PROD0751,ORD00751,SUPID0751
Mixer Grinder,Home & Kitchen,13559.18,1,13559.18,24,2024/08/11,1,Debit Card,Zojirushi,2711.836,Retail,South,Bengaluru,CUSID0752,PROD0752,ORD00752,SUPID0752
Tablet,Electronics,41926.03,2,83852.06,29,2025/02/01,3.6,COD,Sony,16770.412,Retail,West,Mumbai,CUSID0753,PROD0753,ORD00753,SUPID0753
Lipstick,Beauty,12930.46,4,51721.84,22,2024/12/30,1.9,Net Banking,Shiseido,10344.368,Online,South,Bengaluru,CUSID0754,PROD0754,ORD00754,SUPID0754
Laptop,Electronics,37355.59,3,112066.77,19,2024/07/08,1.7,Wallet,Sony,22413.354,Retail,East,Kolkata,CUSID0755,PROD0755,ORD00755,SUPID0755
Lipstick,Beauty,18385.32,5,91926.6,13,2024/05/15,3.8,UPI,Shiseido,18385.32,Retail,South,Bengaluru,CUSID0756,PROD0756,ORD00756,SUPID0756
Cookbook,Books,5299.58,4,21198.32,21,2024/08/27,2.8,Debit Card,Kodansha,4239.664,Wholesale,East,Kolkata,CUSID0757,PROD0757,ORD00757,SUPID0757
Educational Book,Books,7649.41,4,30597.64,18,2024/04/16,1.6,UPI,Kodansha,6119.528,Retail,South,Chennai,CUSID0758,PROD0758,ORD00758,SUPID0758
Mixer Grinder,Home & Kitchen,36950.98,4,147803.92,19,2024/10/07,3,Debit Card,Zojirushi,29560.784,Wholesale,East,Kolkata,CUSID0759,PROD0759,ORD00759,SUPID0759
Comic Book,Books,2136.99,1,2136.99,5,2024/09/07,2.2,Net Banking,Kodansha,427.398,Online,East,Kolkata,CUSID0760,PROD0760,ORD00760,SUPID0760
Sofa Cover,Home & Kitchen,19693.93,5,98469.65,25,2024/04/13,1.9,Wallet,Zojirushi,19693.93,Retail,South,Chennai,CUSID0761,PROD0761,ORD00761,SUPID0761
Sofa Cover,Home & Kitchen,16179.61,2,32359.22,26,2024/11/11,2.7,Debit Card,Zojirushi,6471.844,Online,West,Ahemdabad,CUSID0762,PROD0762,ORD00762,SUPID0762
Educational Book,Books,45910.23,4,183640.92,26,2024/12/26,1.6,Net Banking,Kodansha,36728.184,Online,North,Jaipur,CUSID0763,PROD0763,ORD00763,SUPID0763
Lipstick,Beauty,6685.9,2,13371.8,7,2024/02/20,2,Debit Card,Shiseido,2674.36,Retail,West,Mumbai,CUSID0764,PROD0764,ORD00764,SUPID0764
Self-Help Book,Books,2258.89,3,6776.67,20,2024/09/12,2,Wallet,Kodansha,1355.334,Retail,South,Chennai,CUSID0765,PROD0765,ORD00765,SUPID0765
Educational Book,Books,25282.52,1,25282.52,27,2024/09/06,4.5,Credit Card,Kodansha,5056.504,Online,West,Mumbai,CUSID0766,PROD0766,ORD00766,SUPID0766
Shampoo,Beauty,11461.72,5,57308.6,29,2024/11/06,3,Debit Card,Shiseido,11461.72,Retail,East,Kolkata,CUSID0767,PROD0767,ORD00767,SUPID0767
Shampoo,Beauty,17915.6,4,71662.4,15,2024/08/28,1.8,UPI,Shiseido,14332.48,Wholesale,North,Jaipur,CUSID0768,PROD0768,ORD00768,SUPID0768
Lipstick,Beauty,22703.03,2,45406.06,16,2024/05/06,5,Net Banking,Shiseido,9081.212,Wholesale,South,Bengaluru,CUSID0769,PROD0769,ORD00769,SUPID0769
Headphones,Electronics,42210.82,2,84421.64,14,2024/03/24,2.8,Wallet,Panasonic,16884.328,Retail,South,Chennai,CUSID0770,PROD0770,ORD00770,SUPID0770
Sofa Cover,Home & Kitchen,7355.5,3,22066.5,20,2025/01/27,2,Net Banking,Zojirushi,4413.3,Online,South,Bengaluru,CUSID0771,PROD0771,ORD00771,SUPID0771
Table Lamp,Home & Kitchen,13879,1,13879,12,2024/06/12,2.5,COD,Zojirushi,2775.8,Retail,North,Jaipur,CUSID0772,PROD0772,ORD00772,SUPID0772
Sofa Cover,Home & Kitchen,42604.95,5,213024.75,10,2024/07/11,3,Net Banking,Zojirushi,42604.95,Retail,East,Kolkata,CUSID0773,PROD0773,ORD00773,SUPID0773
Smartwatch,Electronics,31265.89,1,31265.89,16,2024/06/20,4.9,UPI,Sony,6253.178,Online,South,Bengaluru,CUSID0774,PROD0774,ORD00774,SUPID0774
Dress,Clothing,20020.83,5,100104.15,28,2024/09/01,1.8,Credit Card,Uniqlo,20020.83,Online,West,Ahemdabad,CUSID0775,PROD0775,ORD00775,SUPID0775
Cookbook,Books,24680.19,3,74040.57,25,2024/05/21,3.5,COD,Kodansha,14808.114,Wholesale,South,Chennai,CUSID0776,PROD0776,ORD00776,SUPID0776
Lipstick,Beauty,22254.17,4,89016.68,12,2024/04/14,3.8,Debit Card,Shiseido,17803.336,Online,South,Bengaluru,CUSID0777,PROD0777,ORD00777,SUPID0777
Fiction Novel,Books,4226.03,1,4226.03,30,2024/09/07,2.8,Debit Card,Kodansha,845.206,Wholesale,South,Bengaluru,CUSID0778,PROD0778,ORD00778,SUPID0778
Bedsheet,Home & Kitchen,46315.8,3,138947.4,8,2024/05/24,2.4,Wallet,Zojirushi,27789.48,Online,South,Bengaluru,CUSID0779,PROD0779,ORD00779,SUPID0779
Smartwatch,Electronics,1320.32,3,3960.96,30,2025/01/08,2,Wallet,Panasonic,792.192,Retail,East,Kolkata,CUSID0780,PROD0780,ORD00780,SUPID0780
Cookbook,Books,9772.82,4,39091.28,12,2024/11/04,3.1,UPI,Kodansha,7818.256,Wholesale,West,Ahemdabad,CUSID0781,PROD0781,ORD00781,SUPID0781
Comic Book,Books,47666.18,1,47666.18,30,2024/02/12,2.3,UPI,Kodansha,9533.236,Wholesale,East,Kolkata,CUSID0782,PROD0782,ORD00782,SUPID0782
Jeans,Clothing,7673.62,2,15347.24,22,2024/06/13,4.6,COD,Uniqlo,3069.448,Wholesale,West,Mumbai,CUSID0783,PROD0783,ORD00783,SUPID0783
Sofa Cover,Home & Kitchen,41671.06,2,83342.12,9,2025/02/01,2.3,UPI,Zojirushi,16668.424,Retail,South,Bengaluru,CUSID0784,PROD0784,ORD00784,SUPID0784
Table Lamp,Home & Kitchen,15793.43,5,78967.15,13,2024/09/22,1.3,Net Banking,Zojirushi,15793.43,Retail,North,Jaipur,CUSID0785,PROD0785,ORD00785,SUPID0785
Lipstick,Beauty,6767.81,1,6767.81,8,2024/12/27,2.1,COD,Shiseido,1353.562,Retail,East,Kolkata,CUSID0786,PROD0786,ORD00786,SUPID0786
Lipstick,Beauty,1011.22,5,5056.1,26,2024/11/05,4.7,Net Banking,Shiseido,1011.22,Retail,North,Delhi,CUSID0787,PROD0787,ORD00787,SUPID0787
Headphones,Electronics,13371.25,4,53485,21,2024/07/05,1.6,Credit Card,Sony,10697,Retail,East,Kolkata,CUSID0788,PROD0788,ORD00788,SUPID0788
Jeans,Clothing,28972.11,2,57944.22,13,2024/08/01,2.1,Credit Card,Uniqlo,11588.844,Wholesale,South,Chennai,CUSID0789,PROD0789,ORD00789,SUPID0789
Perfume,Beauty,17212.34,1,17212.34,5,2025/02/06,3.5,COD,Shiseido,3442.468,Retail,East,Kolkata,CUSID0790,PROD0790,ORD00790,SUPID0790
Educational Book,Books,48742,1,48742,25,2024/09/16,1.1,UPI,Kodansha,9748.4,Wholesale,South,Chennai,CUSID0791,PROD0791,ORD00791,SUPID0791
Smartphone,Electronics,19117.36,3,57352.08,24,2025/02/08,1.6,COD,Sony,11470.416,Retail,East,Kolkata,CUSID0792,PROD0792,ORD00792,SUPID0792
Tablet,Electronics,847.39,5,4236.95,17,2024/12/15,4,Net Banking,Sony,847.39,Online,South,Bengaluru,CUSID0793,PROD0793,ORD00793,SUPID0793
Mixer Grinder,Home & Kitchen,14796.32,2,29592.64,20,2024/11/29,1.2,Wallet,Zojirushi,5918.528,Wholesale,South,Chennai,CUSID0794,PROD0794,ORD00794,SUPID0794
Face Cream,Beauty,5238.33,3,15714.99,17,2024/10/24,1.6,Wallet,Shiseido,3142.998,Online,West,Mumbai,CUSID0795,PROD0795,ORD00795,SUPID0795
Mixer Grinder,Home & Kitchen,31430.94,5,157154.7,18,2024/11/02,4.6,Debit Card,Zojirushi,31430.94,Wholesale,South,Chennai,CUSID0796,PROD0796,ORD00796,SUPID0796
Jeans,Clothing,27532.48,4,110129.92,7,2024/04/09,2.2,UPI,Uniqlo,22025.984,Online,West,Mumbai,CUSID0797,PROD0797,ORD00797,SUPID0797
Jeans,Clothing,41121.95,3,123365.85,10,2024/02/20,1.4,COD,Uniqlo,24673.17,Retail,South,Chennai,CUSID0798,PROD0798,ORD00798,SUPID0798
Laptop,Electronics,12944.89,2,25889.78,22,2024/04/10,1.9,COD,Sony,5177.956,Retail,North,Delhi,CUSID0799,PROD0799,ORD00799,SUPID0799
T-Shirt,Clothing,4729.04,5,23645.2,23,2024/09/09,4,COD,Uniqlo,4729.04,Retail,South,Bengaluru,CUSID0800,PROD0800,ORD00800,SUPID0800
Lipstick,Beauty,31512.97,2,63025.94,9,2024/12/18,2.1,COD,Shiseido,12605.188,Wholesale,North,Jaipur,CUSID0801,PROD0801,ORD00801,SUPID0801
Smartwatch,Electronics,46891.65,3,140674.95,19,2024/11/08,2.9,Net Banking,Sony,28134.99,Online,North,Delhi,CUSID0802,PROD0802,ORD00802,SUPID0802
Dress,Clothing,34137.79,2,68275.58,29,2024/09/23,1.8,Net Banking,Uniqlo,13655.116,Retail,South,Chennai,CUSID0803,PROD0803,ORD00803,SUPID0803
Table Lamp,Home & Kitchen,41000.91,4,164003.64,6,2024/09/11,4.5,UPI,Zojirushi,32800.728,Online,North,Jaipur,CUSID0804,PROD0804,ORD00804,SUPID0804
Laptop,Electronics,7672.34,4,30689.36,14,2024/04/10,1.1,UPI,Sony,6137.872,Online,West,Mumbai,CUSID0805,PROD0805,ORD00805,SUPID0805
Educational Book,Books,25186.79,3,75560.37,28,2024/02/22,3.8,COD,Kodansha,15112.074,Retail,East,Kolkata,CUSID0806,PROD0806,ORD00806,SUPID0806
Shampoo,Beauty,41285.25,1,41285.25,22,2024/12/05,1.8,COD,Shiseido,8257.05,Retail,South,Bengaluru,CUSID0807,PROD0807,ORD00807,SUPID0807
Shampoo,Beauty,30435.75,2,60871.5,17,2024/04/09,3.1,Credit Card,Shiseido,12174.3,Online,North,Delhi,CUSID0808,PROD0808,ORD00808,SUPID0808
Laptop,Electronics,45786.56,5,228932.8,9,2024/12/22,1.4,Wallet,Panasonic,45786.56,Retail,South,Chennai,CUSID0809,PROD0809,ORD00809,SUPID0809
Fiction Novel,Books,26700.19,3,80100.57,27,2024/03/26,1.5,COD,Kodansha,16020.114,Retail,West,Mumbai,CUSID0810,PROD0810,ORD00810,SUPID0810
Sneakers,Clothing,27367.02,3,82101.06,28,2024/07/03,1.4,Wallet,Uniqlo,16420.212,Retail,South,Bengaluru,CUSID0811,PROD0811,ORD00811,SUPID0811
Tablet,Electronics,17213.3,3,51639.9,5,2024/04/21,1.7,Net Banking,Panasonic,10327.98,Wholesale,South,Chennai,CUSID0812,PROD0812,ORD00812,SUPID0812
Mixer Grinder,Home & Kitchen,4084.62,5,20423.1,26,2024/02/26,4.3,UPI,Zojirushi,4084.62,Online,North,Jaipur,CUSID0813,PROD0813,ORD00813,SUPID0813
Table Lamp,Home & Kitchen,9213.55,4,36854.2,5,2024/07/17,2.5,COD,Zojirushi,7370.84,Online,West,Ahemdabad,CUSID0814,PROD0814,ORD00814,SUPID0814
T-Shirt,Clothing,6114.55,4,24458.2,22,2024/08/27,3.7,Debit Card,Uniqlo,4891.64,Wholesale,East,Kolkata,CUSID0815,PROD0815,ORD00815,SUPID0815
Comic Book,Books,21670.52,4,86682.08,19,2024/04/09,4.6,COD,Kodansha,17336.416,Online,East,Kolkata,CUSID0816,PROD0816,ORD00816,SUPID0816
Face Cream,Beauty,37528.53,4,150114.12,21,2025/01/21,1.6,UPI,Shiseido,30022.824,Retail,North,Jaipur,CUSID0817,PROD0817,ORD00817,SUPID0817
Smartphone,Electronics,46526.93,5,232634.65,15,2024/12/20,2.2,Net Banking,Panasonic,46526.93,Online,South,Chennai,CUSID0818,PROD0818,ORD00818,SUPID0818
Self-Help Book,Books,4042.56,2,8085.12,25,2024/03/14,3.7,Debit Card,Kodansha,1617.024,Retail,North,Delhi,CUSID0819,PROD0819,ORD00819,SUPID0819
Cookware Set,Home & Kitchen,35777.51,1,35777.51,30,2024/12/23,3.2,Net Banking,Zojirushi,7155.502,Wholesale,North,Delhi,CUSID0820,PROD0820,ORD00820,SUPID0820
Bedsheet,Home & Kitchen,4160.52,2,8321.04,29,2024/12/06,3.8,Net Banking,Zojirushi,1664.208,Retail,North,Jaipur,CUSID0821,PROD0821,ORD00821,SUPID0821
Laptop,Electronics,20754.92,3,62264.76,26,2024/08/10,1.9,Debit Card,Panasonic,12452.952,Online,South,Chennai,CUSID0822,PROD0822,ORD00822,SUPID0822
Comic Book,Books,34460.43,2,68920.86,21,2024/03/06,4.6,COD,Kodansha,13784.172,Online,West,Mumbai,CUSID0823,PROD0823,ORD00823,SUPID0823
Table Lamp,Home & Kitchen,22835.78,5,114178.9,17,2024/02/22,4.1,Wallet,Zojirushi,22835.78,Online,North,Jaipur,CUSID0824,PROD0824,ORD00824,SUPID0824
Shampoo,Beauty,5361.18,2,10722.36,5,2024/10/16,3,Net Banking,Shiseido,2144.472,Wholesale,South,Bengaluru,CUSID0825,PROD0825,ORD00825,SUPID0825
Jacket,Clothing,41996.61,2,83993.22,6,2024/11/20,2.1,COD,Uniqlo,16798.644,Wholesale,West,Ahemdabad,CUSID0826,PROD0826,ORD00826,SUPID0826
Perfume,Beauty,43606.83,4,174427.32,13,2024/04/11,3.6,Debit Card,Shiseido,34885.464,Online,North,Jaipur,CUSID0827,PROD0827,ORD00827,SUPID0827
Smartwatch,Electronics,14290.07,5,71450.35,7,2024/12/12,2.3,Debit Card,Sony,14290.07,Retail,East,Kolkata,CUSID0828,PROD0828,ORD00828,SUPID0828
Laptop,Electronics,32760.67,3,98282.01,5,2024/06/26,1,Net Banking,Sony,19656.402,Wholesale,West,Mumbai,CUSID0829,PROD0829,ORD00829,SUPID0829
Comic Book,Books,26403.73,1,26403.73,25,2024/11/08,3.3,Debit Card,Kodansha,5280.746,Online,North,Jaipur,CUSID0830,PROD0830,ORD00830,SUPID0830
Hair Dryer,Beauty,34069.64,1,34069.64,20,2024/11/14,3,Wallet,Shiseido,6813.928,Online,West,Ahemdabad,CUSID0831,PROD0831,ORD00831,SUPID0831
Table Lamp,Home & Kitchen,47284.54,5,236422.7,27,2024/03/01,2.4,Net Banking,Zojirushi,47284.54,Wholesale,West,Mumbai,CUSID0832,PROD0832,ORD00832,SUPID0832
Smartwatch,Electronics,28678.88,4,114715.52,10,2024/10/17,3.7,Net Banking,Panasonic,22943.104,Wholesale,West,Ahemdabad,CUSID0833,PROD0833,ORD00833,SUPID0833
Face Cream,Beauty,44918.35,5,224591.75,21,2024/07/23,4.4,Wallet,Shiseido,44918.35,Wholesale,West,Ahemdabad,CUSID0834,PROD0834,ORD00834,SUPID0834
Hair Dryer,Beauty,31727.37,1,31727.37,9,2024/11/11,1.7,Debit Card,Shiseido,6345.474,Retail,West,Ahemdabad,CUSID0835,PROD0835,ORD00835,SUPID0835
Bedsheet,Home & Kitchen,10766.58,3,32299.74,9,2024/04/05,4.2,Credit Card,Zojirushi,6459.948,Retail,West,Ahemdabad,CUSID0836,PROD0836,ORD00836,SUPID0836
Lipstick,Beauty,25288.2,4,101152.8,10,2024/08/15,4.8,Debit Card,Shiseido,20230.56,Online,North,Jaipur,CUSID0837,PROD0837,ORD00837,SUPID0837
Laptop,Electronics,35506.5,5,177532.5,7,2024/05/26,4.5,UPI,Sony,35506.5,Wholesale,East,Kolkata,CUSID0838,PROD0838,ORD00838,SUPID0838
Fiction Novel,Books,7682.98,4,30731.92,25,2024/08/15,4.8,COD,Kodansha,6146.384,Retail,South,Chennai,CUSID0839,PROD0839,ORD00839,SUPID0839
Smartphone,Electronics,32664.01,2,65328.02,27,2024/03/22,2.5,Net Banking,Panasonic,13065.604,Wholesale,West,Ahemdabad,CUSID0840,PROD0840,ORD00840,SUPID0840
Table Lamp,Home & Kitchen,14359.56,3,43078.68,9,2024/07/09,2.3,Debit Card,Zojirushi,8615.736,Online,South,Chennai,CUSID0841,PROD0841,ORD00841,SUPID0841
Sneakers,Clothing,3632.93,5,18164.65,25,2024/08/24,2.1,Credit Card,Uniqlo,3632.93,Retail,North,Delhi,CUSID0842,PROD0842,ORD00842,SUPID0842
Mixer Grinder,Home & Kitchen,30519.71,1,30519.71,9,2024/02/13,3.2,Net Banking,Zojirushi,6103.942,Retail,West,Mumbai,CUSID0843,PROD0843,ORD00843,SUPID0843
Sofa Cover,Home & Kitchen,999.54,3,2998.62,14,2025/01/03,3.2,Debit Card,Zojirushi,599.724,Retail,East,Kolkata,CUSID0844,PROD0844,ORD00844,SUPID0844
Mixer Grinder,Home & Kitchen,15481.49,3,46444.47,14,2024/05/20,2.1,Wallet,Zojirushi,9288.894,Online,South,Bengaluru,CUSID0845,PROD0845,ORD00845,SUPID0845
Table Lamp,Home & Kitchen,33814.72,2,67629.44,23,2024/10/09,1.3,Net Banking,Zojirushi,13525.888,Wholesale,West,Ahemdabad,CUSID0846,PROD0846,ORD00846,SUPID0846
Table Lamp,Home & Kitchen,13559.39,3,40678.17,21,2024/09/15,3.6,Net Banking,Zojirushi,8135.634,Retail,North,Jaipur,CUSID0847,PROD0847,ORD00847,SUPID0847
T-Shirt,Clothing,18461.51,3,55384.53,25,2024/09/14,4.4,COD,Uniqlo,11076.906,Online,East,Kolkata,CUSID0848,PROD0848,ORD00848,SUPID0848
Smartphone,Electronics,22868.39,4,91473.56,18,2024/06/03,1.3,Debit Card,Panasonic,18294.712,Wholesale,South,Bengaluru,CUSID0849,PROD0849,ORD00849,SUPID0849
Sofa Cover,Home & Kitchen,17795.7,2,35591.4,13,2024/06/15,4.2,COD,Zojirushi,7118.28,Online,South,Bengaluru,CUSID0850,PROD0850,ORD00850,SUPID0850
Perfume,Beauty,20095.19,4,80380.76,18,2025/01/13,2.7,Credit Card,Shiseido,16076.152,Wholesale,West,Mumbai,CUSID0851,PROD0851,ORD00851,SUPID0851
Cookware Set,Home & Kitchen,13998.81,2,27997.62,5,2024/07/13,2.7,Net Banking,Zojirushi,5599.524,Online,East,Kolkata,CUSID0852,PROD0852,ORD00852,SUPID0852
Mixer Grinder,Home & Kitchen,787.27,3,2361.81,23,2024/04/06,2.1,UPI,Zojirushi,472.362,Wholesale,East,Kolkata,CUSID0853,PROD0853,ORD00853,SUPID0853
Laptop,Electronics,47363.2,3,142089.6,17,2024/11/12,3.3,Credit Card,Sony,28417.92,Retail,East,Kolkata,CUSID0854,PROD0854,ORD00854,SUPID0854
Sneakers,Clothing,9655.03,4,38620.12,17,2024/11/16,1.5,Credit Card,Uniqlo,7724.024,Wholesale,East,Kolkata,CUSID0855,PROD0855,ORD00855,SUPID0855
Cookware Set,Home & Kitchen,24151.49,1,24151.49,8,2024/10/02,4.8,UPI,Zojirushi,4830.298,Online,North,Delhi,CUSID0856,PROD0856,ORD00856,SUPID0856
Comic Book,Books,3697.32,4,14789.28,5,2024/02/27,1.3,UPI,Kodansha,2957.856,Online,East,Kolkata,CUSID0857,PROD0857,ORD00857,SUPID0857
Educational Book,Books,43840.04,5,219200.2,21,2024/12/12,3,Credit Card,Kodansha,43840.04,Wholesale,South,Chennai,CUSID0858,PROD0858,ORD00858,SUPID0858
Sofa Cover,Home & Kitchen,6494.62,5,32473.1,12,2024/09/04,2.6,UPI,Zojirushi,6494.62,Retail,South,Bengaluru,CUSID0859,PROD0859,ORD00859,SUPID0859
Educational Book,Books,7761.67,1,7761.67,6,2025/02/03,4.8,UPI,Kodansha,1552.334,Retail,North,Jaipur,CUSID0860,PROD0860,ORD00860,SUPID0860
Hair Dryer,Beauty,43300.52,4,173202.08,12,2024/10/23,1.1,COD,Shiseido,34640.416,Wholesale,South,Chennai,CUSID0861,PROD0861,ORD00861,SUPID0861
Sofa Cover,Home & Kitchen,36583.04,4,146332.16,11,2024/04/18,2,COD,Zojirushi,29266.432,Wholesale,South,Chennai,CUSID0862,PROD0862,ORD00862,SUPID0862
Smartwatch,Electronics,43298.08,3,129894.24,30,2024/07/28,1.6,UPI,Panasonic,25978.848,Online,East,Kolkata,CUSID0863,PROD0863,ORD00863,SUPID0863
Self-Help Book,Books,47427.3,5,237136.5,30,2024/03/29,4,Wallet,Kodansha,47427.3,Retail,South,Bengaluru,CUSID0864,PROD0864,ORD00864,SUPID0864
Smartphone,Electronics,32950.95,5,164754.75,6,2024/07/26,2.2,Net Banking,Panasonic,32950.95,Wholesale,North,Delhi,CUSID0865,PROD0865,ORD00865,SUPID0865
Face Cream,Beauty,14064.35,2,28128.7,26,2024/04/19,2.9,Net Banking,Shiseido,5625.74,Retail,East,Kolkata,CUSID0866,PROD0866,ORD00866,SUPID0866
Lipstick,Beauty,49911.75,3,149735.25,26,2024/05/18,3.1,Wallet,Shiseido,29947.05,Wholesale,West,Mumbai,CUSID0867,PROD0867,ORD00867,SUPID0867
Headphones,Electronics,40986.82,3,122960.46,7,2025/01/22,3.5,COD,Sony,24592.092,Wholesale,East,Kolkata,CUSID0868,PROD0868,ORD00868,SUPID0868
Sofa Cover,Home & Kitchen,32863.88,4,131455.52,22,2024/03/15,4.9,Wallet,Zojirushi,26291.104,Retail,North,Delhi,CUSID0869,PROD0869,ORD00869,SUPID0869
Perfume,Beauty,37424.59,4,149698.36,16,2024/08/01,1.2,Net Banking,Shiseido,29939.672,Wholesale,East,Kolkata,CUSID0870,PROD0870,ORD00870,SUPID0870
Table Lamp,Home & Kitchen,36930.76,2,73861.52,5,2024/05/15,1.9,Debit Card,Zojirushi,14772.304,Wholesale,East,Kolkata,CUSID0871,PROD0871,ORD00871,SUPID0871
Cookbook,Books,40379.73,1,40379.73,26,2024/11/02,3.8,COD,Kodansha,8075.946,Online,North,Delhi,CUSID0872,PROD0872,ORD00872,SUPID0872
T-Shirt,Clothing,16938.75,5,84693.75,16,2024/02/29,3.2,Debit Card,Uniqlo,16938.75,Wholesale,East,Kolkata,CUSID0873,PROD0873,ORD00873,SUPID0873
Dress,Clothing,2415.32,5,12076.6,9,2024/09/24,3.2,COD,Uniqlo,2415.32,Wholesale,North,Delhi,CUSID0874,PROD0874,ORD00874,SUPID0874
Hair Dryer,Beauty,49127.14,3,147381.42,29,2024/08/31,1,UPI,Shiseido,29476.284,Wholesale,North,Jaipur,CUSID0875,PROD0875,ORD00875,SUPID0875
Jacket,Clothing,1416.84,3,4250.52,21,2024/06/07,1.8,Net Banking,Uniqlo,850.104,Online,West,Mumbai,CUSID0876,PROD0876,ORD00876,SUPID0876
Hair Dryer,Beauty,21112.13,3,63336.39,20,2024/08/22,1.9,UPI,Shiseido,12667.278,Retail,South,Chennai,CUSID0877,PROD0877,ORD00877,SUPID0877
Lipstick,Beauty,13061.91,5,65309.55,19,2024/10/24,1.9,Debit Card,Shiseido,13061.91,Online,South,Bengaluru,CUSID0878,PROD0878,ORD00878,SUPID0878
Self-Help Book,Books,7465.89,5,37329.45,27,2024/03/28,4.4,Debit Card,Kodansha,7465.89,Online,East,Kolkata,CUSID0879,PROD0879,ORD00879,SUPID0879
Fiction Novel,Books,38005.05,1,38005.05,19,2025/01/01,4,UPI,Kodansha,7601.01,Retail,East,Kolkata,CUSID0880,PROD0880,ORD00880,SUPID0880
T-Shirt,Clothing,42307.18,5,211535.9,9,2024/08/21,4.1,COD,Uniqlo,42307.18,Online,West,Ahemdabad,CUSID0881,PROD0881,ORD00881,SUPID0881
Mixer Grinder,Home & Kitchen,28727.4,3,86182.2,25,2024/05/22,4.7,COD,Zojirushi,17236.44,Retail,West,Mumbai,CUSID0882,PROD0882,ORD00882,SUPID0882
Hair Dryer,Beauty,8465.28,3,25395.84,18,2024/12/12,1.8,Credit Card,Shiseido,5079.168,Online,West,Ahemdabad,CUSID0883,PROD0883,ORD00883,SUPID0883
Cookbook,Books,17194.75,3,51584.25,6,2024/05/15,1.9,Wallet,Kodansha,10316.85,Retail,North,Delhi,CUSID0884,PROD0884,ORD00884,SUPID0884
Sneakers,Clothing,26550.66,4,106202.64,15,2024/03/09,3.3,COD,Uniqlo,21240.528,Wholesale,West,Mumbai,CUSID0885,PROD0885,ORD00885,SUPID0885
Educational Book,Books,24335.78,4,97343.12,23,2024/04/09,3.1,UPI,Kodansha,19468.624,Online,West,Mumbai,CUSID0886,PROD0886,ORD00886,SUPID0886
Sofa Cover,Home & Kitchen,17308.52,1,17308.52,11,2024/10/29,2.2,Net Banking,Zojirushi,3461.704,Online,East,Kolkata,CUSID0887,PROD0887,ORD00887,SUPID0887
Laptop,Electronics,18097.79,1,18097.79,10,2024/05/22,3.8,Net Banking,Sony,3619.558,Online,West,Mumbai,CUSID0888,PROD0888,ORD00888,SUPID0888
Cookbook,Books,45792.57,2,91585.14,6,2024/06/10,3.1,Credit Card,Kodansha,18317.028,Online,North,Jaipur,CUSID0889,PROD0889,ORD00889,SUPID0889
Hair Dryer,Beauty,35879.79,4,143519.16,10,2024/03/02,4.4,UPI,Shiseido,28703.832,Wholesale,North,Jaipur,CUSID0890,PROD0890,ORD00890,SUPID0890
Cookware Set,Home & Kitchen,16158.74,3,48476.22,22,2024/08/24,4.2,COD,Zojirushi,9695.244,Online,East,Kolkata,CUSID0891,PROD0891,ORD00891,SUPID0891
Jeans,Clothing,15387.4,1,15387.4,6,2024/03/03,4.2,UPI,Uniqlo,3077.48,Wholesale,West,Mumbai,CUSID0892,PROD0892,ORD00892,SUPID0892
Fiction Novel,Books,11134.83,5,55674.15,22,2024/10/09,3.2,Net Banking,Kodansha,11134.83,Wholesale,West,Ahemdabad,CUSID0893,PROD0893,ORD00893,SUPID0893
Face Cream,Beauty,49835.85,3,149507.55,19,2024/09/02,4.5,Credit Card,Shiseido,29901.51,Wholesale,North,Jaipur,CUSID0894,PROD0894,ORD00894,SUPID0894
Tablet,Electronics,1002.29,1,1002.29,23,2025/01/08,1.4,UPI,Panasonic,200.458,Wholesale,West,Ahemdabad,CUSID0895,PROD0895,ORD00895,SUPID0895
Headphones,Electronics,26448.24,4,105792.96,6,2024/07/20,1.2,Net Banking,Sony,21158.592,Retail,West,Mumbai,CUSID0896,PROD0896,ORD00896,SUPID0896
Lipstick,Beauty,30650.46,5,153252.3,24,2024/09/12,1.6,Net Banking,Shiseido,30650.46,Retail,West,Ahemdabad,CUSID0897,PROD0897,ORD00897,SUPID0897
Mixer Grinder,Home & Kitchen,31978.03,2,63956.06,29,2024/05/19,3.7,Credit Card,Zojirushi,12791.212,Online,South,Chennai,CUSID0898,PROD0898,ORD00898,SUPID0898
Dress,Clothing,45516.21,1,45516.21,10,2024/07/19,1,UPI,Uniqlo,9103.242,Retail,East,Kolkata,CUSID0899,PROD0899,ORD00899,SUPID0899
Comic Book,Books,31922.03,1,31922.03,5,2024/05/21,2.5,Net Banking,Kodansha,6384.406,Retail,South,Bengaluru,CUSID0900,PROD0900,ORD00900,SUPID0900
Lipstick,Beauty,3481.52,3,10444.56,28,2024/08/04,1.1,Net Banking,Shiseido,2088.912,Online,East,Kolkata,CUSID0901,PROD0901,ORD00901,SUPID0901
Table Lamp,Home & Kitchen,27507.36,4,110029.44,19,2024/09/14,4.5,Credit Card,Zojirushi,22005.888,Online,North,Jaipur,CUSID0902,PROD0902,ORD00902,SUPID0902
Table Lamp,Home & Kitchen,34870.12,5,174350.6,27,2025/01/23,2.7,Debit Card,Zojirushi,34870.12,Online,West,Mumbai,CUSID0903,PROD0903,ORD00903,SUPID0903
Table Lamp,Home & Kitchen,11540.73,1,11540.73,14,2024/08/08,3.6,Wallet,Zojirushi,2308.146,Retail,East,Kolkata,CUSID0904,PROD0904,ORD00904,SUPID0904
Laptop,Electronics,2926.8,4,11707.2,23,2024/02/19,2.3,Credit Card,Panasonic,2341.44,Retail,South,Chennai,CUSID0905,PROD0905,ORD00905,SUPID0905
Educational Book,Books,37341.95,2,74683.9,21,2024/10/02,4.8,Debit Card,Kodansha,14936.78,Online,West,Mumbai,CUSID0906,PROD0906,ORD00906,SUPID0906
Table Lamp,Home & Kitchen,30100.73,1,30100.73,9,2024/03/01,1.7,UPI,Zojirushi,6020.146,Wholesale,North,Jaipur,CUSID0907,PROD0907,ORD00907,SUPID0907
Jeans,Clothing,4442.1,3,13326.3,8,2024/03/29,2.8,Debit Card,Uniqlo,2665.26,Online,East,Kolkata,CUSID0908,PROD0908,ORD00908,SUPID0908
Bedsheet,Home & Kitchen,18657.99,5,93289.95,14,2025/01/02,1.7,Net Banking,Zojirushi,18657.99,Wholesale,East,Kolkata,CUSID0909,PROD0909,ORD00909,SUPID0909
Shampoo,Beauty,41402.76,1,41402.76,28,2024/07/10,3.2,Credit Card,Shiseido,8280.552,Wholesale,East,Kolkata,CUSID0910,PROD0910,ORD00910,SUPID0910
Educational Book,Books,49796.61,1,49796.61,21,2024/10/25,4.1,COD,Kodansha,9959.322,Online,West,Mumbai,CUSID0911,PROD0911,ORD00911,SUPID0911
Perfume,Beauty,32712.91,2,65425.82,14,2024/05/03,4.2,Net Banking,Shiseido,13085.164,Online,South,Bengaluru,CUSID0912,PROD0912,ORD00912,SUPID0912
Face Cream,Beauty,26281.98,1,26281.98,21,2024/06/24,4.3,Debit Card,Shiseido,5256.396,Online,South,Chennai,CUSID0913,PROD0913,ORD00913,SUPID0913
Table Lamp,Home & Kitchen,30805.88,5,154029.4,24,2024/06/15,1.1,Credit Card,Zojirushi,30805.88,Retail,East,Kolkata,CUSID0914,PROD0914,ORD00914,SUPID0914
Dress,Clothing,9045.23,5,45226.15,28,2024/07/04,4.6,COD,Uniqlo,9045.23,Wholesale,North,Jaipur,CUSID0915,PROD0915,ORD00915,SUPID0915
Headphones,Electronics,16003.38,2,32006.76,9,2024/09/13,4.1,UPI,Sony,6401.352,Retail,North,Delhi,CUSID0916,PROD0916,ORD00916,SUPID0916
Jeans,Clothing,35139.53,1,35139.53,6,2024/05/19,2.9,Wallet,Uniqlo,7027.906,Retail,South,Bengaluru,CUSID0917,PROD0917,ORD00917,SUPID0917
Fiction Novel,Books,13640.1,4,54560.4,10,2024/04/10,3.3,Wallet,Kodansha,10912.08,Online,North,Delhi,CUSID0918,PROD0918,ORD00918,SUPID0918
Cookware Set,Home & Kitchen,5535.76,2,11071.52,25,2025/02/04,3.6,UPI,Zojirushi,2214.304,Retail,South,Bengaluru,CUSID0919,PROD0919,ORD00919,SUPID0919
Mixer Grinder,Home & Kitchen,1039.11,4,4156.44,6,2024/10/17,3.8,Credit Card,Zojirushi,831.288,Online,East,Kolkata,CUSID0920,PROD0920,ORD00920,SUPID0920
Table Lamp,Home & Kitchen,41169.65,5,205848.25,17,2024/12/15,2.7,Credit Card,Zojirushi,41169.65,Wholesale,South,Bengaluru,CUSID0921,PROD0921,ORD00921,SUPID0921
Laptop,Electronics,21472.14,2,42944.28,15,2024/09/08,3.4,Debit Card,Sony,8588.856,Online,South,Bengaluru,CUSID0922,PROD0922,ORD00922,SUPID0922
Comic Book,Books,7936.7,5,39683.5,15,2024/12/10,3.1,Debit Card,Kodansha,7936.7,Retail,East,Kolkata,CUSID0923,PROD0923,ORD00923,SUPID0923
Jacket,Clothing,23939.92,3,71819.76,20,2024/12/10,2.1,Net Banking,Uniqlo,14363.952,Retail,North,Delhi,CUSID0924,PROD0924,ORD00924,SUPID0924
Jeans,Clothing,47480.71,5,237403.55,15,2024/09/09,3.1,UPI,Uniqlo,47480.71,Online,South,Chennai,CUSID0925,PROD0925,ORD00925,SUPID0925
Sofa Cover,Home & Kitchen,8058.4,3,24175.2,23,2024/11/28,2.9,Net Banking,Zojirushi,4835.04,Online,South,Chennai,CUSID0926,PROD0926,ORD00926,SUPID0926
Shampoo,Beauty,32369.52,2,64739.04,19,2025/01/27,2.7,Debit Card,Shiseido,12947.808,Retail,East,Kolkata,CUSID0927,PROD0927,ORD00927,SUPID0927
Jeans,Clothing,29604.77,4,118419.08,29,2024/05/06,3.7,Wallet,Uniqlo,23683.816,Wholesale,North,Jaipur,CUSID0928,PROD0928,ORD00928,SUPID0928
Jacket,Clothing,19927.72,2,39855.44,27,2024/06/07,3.7,Credit Card,Uniqlo,7971.088,Wholesale,South,Chennai,CUSID0929,PROD0929,ORD00929,SUPID0929
Comic Book,Books,42170.48,1,42170.48,27,2024/10/29,4.4,UPI,Kodansha,8434.096,Online,East,Kolkata,CUSID0930,PROD0930,ORD00930,SUPID0930
Dress,Clothing,15950.41,5,79752.05,20,2024/12/06,1.5,COD,Uniqlo,15950.41,Wholesale,South,Chennai,CUSID0931,PROD0931,ORD00931,SUPID0931
Fiction Novel,Books,791.45,4,3165.8,15,2024/03/21,1.2,Credit Card,Kodansha,633.16,Retail,West,Mumbai,CUSID0932,PROD0932,ORD00932,SUPID0932
Jeans,Clothing,28534.99,3,85604.97,26,2024/08/15,1.8,Net Banking,Uniqlo,17120.994,Online,East,Kolkata,CUSID0933,PROD0933,ORD00933,SUPID0933
Mixer Grinder,Home & Kitchen,13371.43,4,53485.72,20,2024/06/06,1.2,Net Banking,Zojirushi,10697.144,Retail,North,Jaipur,CUSID0934,PROD0934,ORD00934,SUPID0934
Laptop,Electronics,48073.8,4,192295.2,12,2024/10/03,4.1,Credit Card,Sony,38459.04,Retail,North,Jaipur,CUSID0935,PROD0935,ORD00935,SUPID0935
Fiction Novel,Books,15240.16,5,76200.8,8,2024/06/14,3.6,Net Banking,Kodansha,15240.16,Wholesale,North,Delhi,CUSID0936,PROD0936,ORD00936,SUPID0936
Comic Book,Books,11216.38,5,56081.9,12,2024/03/11,2.8,COD,Kodansha,11216.38,Online,North,Jaipur,CUSID0937,PROD0937,ORD00937,SUPID0937
Fiction Novel,Books,540.63,3,1621.89,8,2024/04/12,3.5,COD,Kodansha,324.378,Online,South,Bengaluru,CUSID0938,PROD0938,ORD00938,SUPID0938
Smartwatch,Electronics,19845.72,3,59537.16,28,2024/05/08,4,COD,Panasonic,11907.432,Wholesale,South,Chennai,CUSID0939,PROD0939,ORD00939,SUPID0939
Jacket,Clothing,31486.57,1,31486.57,29,2024/08/16,3,Wallet,Uniqlo,6297.314,Retail,North,Delhi,CUSID0940,PROD0940,ORD00940,SUPID0940
Smartwatch,Electronics,47899.72,2,95799.44,7,2024/07/10,4,COD,Panasonic,19159.888,Retail,North,Jaipur,CUSID0941,PROD0941,ORD00941,SUPID0941
Educational Book,Books,39842.15,5,199210.75,7,2025/01/17,4.8,Debit Card,Kodansha,39842.15,Retail,North,Jaipur,CUSID0942,PROD0942,ORD00942,SUPID0942
Sneakers,Clothing,46101.14,2,92202.28,22,2024/03/01,4,Net Banking,Uniqlo,18440.456,Retail,South,Chennai,CUSID0943,PROD0943,ORD00943,SUPID0943
Fiction Novel,Books,46563.35,5,232816.75,30,2024/05/08,1.2,Debit Card,Kodansha,46563.35,Online,North,Jaipur,CUSID0944,PROD0944,ORD00944,SUPID0944
Tablet,Electronics,35922.64,4,143690.56,23,2024/02/17,3.1,UPI,Panasonic,28738.112,Online,North,Delhi,CUSID0945,PROD0945,ORD00945,SUPID0945
Laptop,Electronics,33745.33,1,33745.33,23,2025/01/13,2.7,COD,Sony,6749.066,Wholesale,West,Ahemdabad,CUSID0946,PROD0946,ORD00946,SUPID0946
Dress,Clothing,22870.53,5,114352.65,25,2024/06/20,1.4,COD,Uniqlo,22870.53,Wholesale,West,Mumbai,CUSID0947,PROD0947,ORD00947,SUPID0947
Sofa Cover,Home & Kitchen,29715.31,2,59430.62,9,2024/04/12,3.5,COD,Zojirushi,11886.124,Online,North,Delhi,CUSID0948,PROD0948,ORD00948,SUPID0948
Jeans,Clothing,15543.65,4,62174.6,22,2024/05/31,2.7,Credit Card,Uniqlo,12434.92,Online,East,Kolkata,CUSID0949,PROD0949,ORD00949,SUPID0949
Smartphone,Electronics,8234.32,2,16468.64,14,2024/06/02,1.9,Debit Card,Panasonic,3293.728,Retail,North,Delhi,CUSID0950,PROD0950,ORD00950,SUPID0950
T-Shirt,Clothing,959.63,1,959.63,26,2024/11/21,1.6,Wallet,Uniqlo,191.926,Retail,West,Mumbai,CUSID0951,PROD0951,ORD00951,SUPID0951
Face Cream,Beauty,34969.69,5,174848.45,25,2024/03/30,4,Net Banking,Shiseido,34969.69,Wholesale,East,Kolkata,CUSID0952,PROD0952,ORD00952,SUPID0952
Headphones,Electronics,46553.58,3,139660.74,10,2025/01/04,2.3,COD,Panasonic,27932.148,Online,East,Kolkata,CUSID0953,PROD0953,ORD00953,SUPID0953
Face Cream,Beauty,33472.93,1,33472.93,5,2024/05/29,3.4,Credit Card,Shiseido,6694.586,Wholesale,North,Jaipur,CUSID0954,PROD0954,ORD00954,SUPID0954
Smartphone,Electronics,29781.11,2,59562.22,9,2024/03/08,3.6,Debit Card,Sony,11912.444,Online,West,Ahemdabad,CUSID0955,PROD0955,ORD00955,SUPID0955
Cookware Set,Home & Kitchen,30564.98,3,91694.94,13,2024/07/14,3.8,Debit Card,Zojirushi,18338.988,Retail,West,Ahemdabad,CUSID0956,PROD0956,ORD00956,SUPID0956
Sneakers,Clothing,42407.52,2,84815.04,16,2024/05/26,4.7,Debit Card,Uniqlo,16963.008,Wholesale,East,Kolkata,CUSID0957,PROD0957,ORD00957,SUPID0957
Fiction Novel,Books,10435.03,1,10435.03,30,2024/09/23,3.1,Debit Card,Kodansha,2087.006,Wholesale,North,Jaipur,CUSID0958,PROD0958,ORD00958,SUPID0958
Headphones,Electronics,35278.46,3,105835.38,18,2024/08/27,1.2,COD,Sony,21167.076,Online,South,Bengaluru,CUSID0959,PROD0959,ORD00959,SUPID0959
Smartphone,Electronics,34844.54,3,104533.62,6,2024/09/26,4.8,Credit Card,Panasonic,20906.724,Retail,South,Chennai,CUSID0960,PROD0960,ORD00960,SUPID0960
Comic Book,Books,31159.76,5,155798.8,21,2025/01/25,1.1,Wallet,Kodansha,31159.76,Wholesale,West,Ahemdabad,CUSID0961,PROD0961,ORD00961,SUPID0961
Dress,Clothing,27369.17,4,109476.68,18,2024/09/11,3.5,UPI,Uniqlo,21895.336,Retail,South,Chennai,CUSID0962,PROD0962,ORD00962,SUPID0962
Lipstick,Beauty,47055.28,1,47055.28,30,2024/06/16,3,Credit Card,Shiseido,9411.056,Wholesale,West,Mumbai,CUSID0963,PROD0963,ORD00963,SUPID0963
Laptop,Electronics,30706.15,4,122824.6,17,2024/08/06,2.9,UPI,Sony,24564.92,Retail,West,Ahemdabad,CUSID0964,PROD0964,ORD00964,SUPID0964
Hair Dryer,Beauty,659.73,4,2638.92,13,2024/12/08,3.5,UPI,Shiseido,527.784,Online,West,Mumbai,CUSID0965,PROD0965,ORD00965,SUPID0965
Perfume,Beauty,14341.13,4,57364.52,30,2024/06/28,1.5,Credit Card,Shiseido,11472.904,Wholesale,South,Chennai,CUSID0966,PROD0966,ORD00966,SUPID0966
Educational Book,Books,22923.93,4,91695.72,29,2024/12/10,2.7,COD,Kodansha,18339.144,Wholesale,West,Ahemdabad,CUSID0967,PROD0967,ORD00967,SUPID0967
Table Lamp,Home & Kitchen,20766.47,2,41532.94,19,2024/04/23,1.8,COD,Zojirushi,8306.588,Retail,East,Kolkata,CUSID0968,PROD0968,ORD00968,SUPID0968
Laptop,Electronics,36615.73,5,183078.65,29,2024/04/10,2,Net Banking,Sony,36615.73,Retail,North,Delhi,CUSID0969,PROD0969,ORD00969,SUPID0969
T-Shirt,Clothing,879.25,4,3517,26,2024/09/07,4.9,Wallet,Uniqlo,703.4,Wholesale,North,Jaipur,CUSID0970,PROD0970,ORD00970,SUPID0970
Bedsheet,Home & Kitchen,8571.55,4,34286.2,19,2025/01/12,3.9,Wallet,Zojirushi,6857.24,Online,West,Ahemdabad,CUSID0971,PROD0971,ORD00971,SUPID0971
Headphones,Electronics,23125.33,5,115626.65,28,2025/01/19,3.7,Debit Card,Panasonic,23125.33,Retail,North,Delhi,CUSID0972,PROD0972,ORD00972,SUPID0972
Educational Book,Books,5712.21,3,17136.63,15,2024/09/11,3.6,UPI,Kodansha,3427.326,Retail,South,Chennai,CUSID0973,PROD0973,ORD00973,SUPID0973
T-Shirt,Clothing,1434.23,2,2868.46,20,2024/03/24,3.5,UPI,Uniqlo,573.692,Retail,South,Chennai,CUSID0974,PROD0974,ORD00974,SUPID0974
Fiction Novel,Books,43163.16,2,86326.32,21,2024/12/09,1.9,Debit Card,Kodansha,17265.264,Wholesale,North,Jaipur,CUSID0975,PROD0975,ORD00975,SUPID0975
Sofa Cover,Home & Kitchen,38545.29,1,38545.29,30,2024/09/06,1.3,Wallet,Zojirushi,7709.058,Wholesale,South,Chennai,CUSID0976,PROD0976,ORD00976,SUPID0976
Lipstick,Beauty,8188.18,2,16376.36,8,2024/08/15,1.3,Wallet,Shiseido,3275.272,Wholesale,North,Delhi,CUSID0977,PROD0977,ORD00977,SUPID0977
Table Lamp,Home & Kitchen,35763.48,4,143053.92,5,2024/12/27,3.7,UPI,Zojirushi,28610.784,Wholesale,North,Jaipur,CUSID0978,PROD0978,ORD00978,SUPID0978
Cookware Set,Home & Kitchen,10818.91,2,21637.82,12,2024/08/01,1.8,Wallet,Zojirushi,4327.564,Online,North,Jaipur,CUSID0979,PROD0979,ORD00979,SUPID0979
Perfume,Beauty,35506.41,5,177532.05,21,2024/02/28,1.2,Wallet,Shiseido,35506.41,Online,West,Ahemdabad,CUSID0980,PROD0980,ORD00980,SUPID0980
Tablet,Electronics,19010.38,5,95051.9,7,2024/07/28,1.5,Wallet,Sony,19010.38,Wholesale,North,Jaipur,CUSID0981,PROD0981,ORD00981,SUPID0981
Fiction Novel,Books,29678.85,3,89036.55,24,2024/10/25,2.9,UPI,Kodansha,17807.31,Online,West,Mumbai,CUSID0982,PROD0982,ORD00982,SUPID0982
Comic Book,Books,5412.9,5,27064.5,19,2024/06/30,2.1,COD,Kodansha,5412.9,Retail,North,Delhi,CUSID0983,PROD0983,ORD00983,SUPID0983
Jeans,Clothing,22890.95,3,68672.85,19,2024/11/30,3,Credit Card,Uniqlo,13734.57,Retail,North,Delhi,CUSID0984,PROD0984,ORD00984,SUPID0984
Jeans,Clothing,40905.69,5,204528.45,28,2025/01/27,1.9,COD,Uniqlo,40905.69,Retail,North,Jaipur,CUSID0985,PROD0985,ORD00985,SUPID0985
Bedsheet,Home & Kitchen,17253.67,3,51761.01,26,2024/11/24,4.6,Debit Card,Zojirushi,10352.202,Wholesale,South,Bengaluru,CUSID0986,PROD0986,ORD00986,SUPID0986
Educational Book,Books,27920.2,5,139601,18,2024/02/14,2.7,Wallet,Kodansha,27920.2,Retail,West,Ahemdabad,CUSID0987,PROD0987,ORD00987,SUPID0987
Jacket,Clothing,46055.88,5,230279.4,30,2024/12/06,4.2,COD,Uniqlo,46055.88,Online,West,Ahemdabad,CUSID0988,PROD0988,ORD00988,SUPID0988
Smartwatch,Electronics,49569.3,4,198277.2,27,2024/05/11,1.2,COD,Sony,39655.44,Wholesale,North,Delhi,CUSID0989,PROD0989,ORD00989,SUPID0989
Educational Book,Books,35948.16,5,179740.8,18,2024/10/30,2.5,Wallet,Kodansha,35948.16,Online,North,Jaipur,CUSID0990,PROD0990,ORD00990,SUPID0990
Fiction Novel,Books,9189.91,5,45949.55,28,2024/07/28,4.9,Wallet,Kodansha,9189.91,Retail,South,Chennai,CUSID0991,PROD0991,ORD00991,SUPID0991
Mixer Grinder,Home & Kitchen,6075.65,2,12151.3,6,2024/03/06,2.1,Credit Card,Zojirushi,2430.26,Retail,South,Chennai,CUSID0992,PROD0992,ORD00992,SUPID0992
Mixer Grinder,Home & Kitchen,25511.46,2,51022.92,17,2024/11/27,3.7,Net Banking,Zojirushi,10204.584,Retail,South,Bengaluru,CUSID0993,PROD0993,ORD00993,SUPID0993
Mixer Grinder,Home & Kitchen,5815.52,4,23262.08,30,2024/10/12,2.2,UPI,Zojirushi,4652.416,Wholesale,West,Ahemdabad,CUSID0994,PROD0994,ORD00994,SUPID0994
Sneakers,Clothing,11479.89,3,34439.67,18,2024/07/30,2.5,Net Banking,Uniqlo,6887.934,Online,West,Ahemdabad,CUSID0995,PROD0995,ORD00995,SUPID0995
Smartphone,Electronics,28995.81,3,86987.43,28,2025/01/13,5,COD,Panasonic,17397.486,Wholesale,West,Mumbai,CUSID0996,PROD0996,ORD00996,SUPID0996
Perfume,Beauty,32799.51,2,65599.02,23,2024/12/18,2.4,Wallet,Shiseido,13119.804,Wholesale,North,Delhi,CUSID0997,PROD0997,ORD00997,SUPID0997
Face Cream,Beauty,40840.8,1,40840.8,11,2024/07/26,3.1,UPI,Shiseido,8168.16,Retail,West,Ahemdabad,CUSID0998,PROD0998,ORD00998,SUPID0998
Cookware Set,Home & Kitchen,34741.79,4,138967.16,7,2024/10/02,3.2,Net Banking,Zojirushi,27793.432,Wholesale,East,Kolkata,CUSID0999,PROD0999,ORD00999,SUPID0999
Table Lamp,Home & Kitchen,16698.12,4,66792.48,19,2024/03/26,1.6,Credit Card,Zojirushi,13358.496,Wholesale,East,Kolkata,CUSID1000,PROD1000,ORD01000,SUPID1000
